img_url,title,artist,album,playtime,participation_info,lyrics,image_path,artist_name
https://image.bugsm.co.kr/album/images/200/2324/232449.jpg?version=20220722011900.0,아메리카노,10CM,아메리카노,02:36,,"아메리카노 좋아 좋아 좋아
아메리카노 진해 진해 진해
어떻게 하노 시럽 시럽 시럽
빼고 주세요 빼고 주세요

이쁜 여자와 담배피고 차 마실 때
메뉴판이 복잡해서 못 고를 때
사글세 내고 돈 없을 때 밥 대신에
짜장면 먹고 후식으로

아메리카노 좋아 좋아 좋아
아메리카노 깊어 깊어 깊어
어떻게 하노 설탕 설탕 설탕
빼고 주세요 빼고 주세요

여자친구와 싸우고서 바람 필 때
다른 여자와 입맞추고 담배 필 때
마라톤하고 감질나게 목축일 때
순대국 먹고 후식으로

아메리카노 좋아 좋아 좋아
아메리카노 진해 진해 진해
어떻게 하노 시럽 시럽 시럽
빼고 주세요 빼고 주세요
빼고 주세요 빼고 주세요",media/mysingimage/images_real5/20240610001amelikano.jpg,10CM
https://image.bugsm.co.kr/album/images/200/2894/289433.jpg?version=20220928020010.0,그렇고 그런 사이,장기하와 얼굴들,장기하와 얼굴들,03:41,,"새파란 하늘 쨍쨍 해가 떴네
어저께랑 날씨는 같지만 똑같은 느낌은 아닐걸
네가 여태껏 누려왔던 모든 것들이
온데 간데 없을걸

그렇다고 마냥 울먹 울먹거릴 
것만은 아니잖어 그렇잖어
네가 그렇게 그렇게 그렇게 원했던 나잖어 예
네가 여태껏 바래왔던 모든 것들이
이제부터 한 개 한 개 이뤄질 걸 (이뤄질 걸)

네가 원하는 것들은 내가 다 줄 테니까
절대로 딴 데 가서 기웃기웃 하지를 마
네가 원하는 것들은 내가 줄 수 있으니까
자다가도 딴 생각은 마

왜냐하면은 오늘부터
너랑 나랑은 (너랑 나랑은) 예 너랑 나랑은
말하자면은 그렇고 그런 사이니까 (사이니까)
예 그런 사이니까 

말하기도 좀 그렇지마는
너랑 나랑은 (너랑 나랑은) 예 너랑 나랑은
말하자면은 그렇고 그런 사이니까 (사이니까)
예 그런 사이니까

네가 원하는 것들은 내가 다 줄 테니까
절대로 딴 데 가서 기웃기웃 하지를 마
네가 원하는 것들은 내가 줄 수 있으니까
자다가도 딴 생각은 마

너랑 나랑은 (너랑 나랑은) 예 너랑 나랑은
말하자면은 그렇고 그런 사이니까 (사이니까)
예 그런 사이니까 

말하기도 좀 그렇지마는
너랑 나랑은 (너랑 나랑은) 예 너랑 나랑은
말하자면은 그렇고 그런 사이니까 (사이니까)
예 그런 사이니까

말하기도 좀 그렇지마는
너랑 나랑은 (너랑 나랑은) 예 너랑 나랑은
말하자면은 그렇고 그런 사이니까 (사이니까)
예 그런 사이니까

다시 한 번 말하겠지마는
너랑 나랑은 (너랑 나랑은) 예 너랑 나랑은
말하자면은 그렇고 그런 사이니까 (사이니까)
예 그런 사이니까

말하기도 좀 그렇지마는
너랑 나랑은 (너랑 나랑은) 예 너랑 나랑은
말하자면은 그렇고 그런 사이니까 (사이니까)
예 그런 사이니까",media/mysingimage/images_real5/20240610002geuleohgogeuleonsai.jpg,장기하와 얼굴들
https://image.bugsm.co.kr/album/images/200/3246/324696.jpg?version=20231026042433.0,벚꽃 엔딩,버스커 버스커,버스커 버스커 1집,04:20,,"그대여 그대여 그대여 그대여

오늘은 우리 같이 걸어요 이 거리를
밤에 들려오는 자장노래 어떤가요 오예
몰랐던 그대와 단 둘이 손 잡고
알 수 없는 이 떨림과 둘이 걸어요

봄바람 휘날리며 
흩날리는 벚꽃 잎이 
울려 퍼질 이 거리를
우우 둘이 걸어요

봄바람 휘날리며
흩날리는 벚꽃 잎이
울려 퍼질 이 거리를
우우 둘이 걸어요

오예

그대여 우리 이제 손 잡아요 이 거리에
마침 들려오는 사랑 노래 어떤가요 오예
사랑하는 그대와 단 둘이 손잡고
알 수 없는 이 거리를 둘이 걸어요

봄바람 휘날리며 
흩날리는 벚꽃 잎이 
울려 퍼질 이 거리를
우우 둘이 걸어요

봄바람 휘날리며
흩날리는 벚꽃 잎이
울려 퍼질 이 거리를
우우 둘이 걸어요

바람 불면 울렁이는 기분 탓에 나도 모르게 
바람 불면 저편에서 그대여 니 모습이 자꾸 겹쳐
오 또 울렁이는 기분 탓에 나도 모르게
바람 불면 저편에서 그대여 니 모습이 자꾸 겹쳐

사랑하는 연인들이 많군요 
알 수 없는 친구들이 많아요
흩날리는 벚꽃 잎이 많군요 좋아요

봄바람 휘날리며 
흩날리는 벚꽃 잎이 
울려 퍼질 이 거리를
우우 둘이 걸어요

봄바람 휘날리며
흩날리는 벚꽃 잎이
울려 퍼질 이 거리를
우우 둘이 걸어요

그대여 그대여 그대여 그대여",media/mysingimage/images_real5/20240610003beojkkochending.jpg,버스커 버스커(Busker Busker)
https://image.bugsm.co.kr/album/images/200/4862/486271.jpg?version=20170928021127.0,오빠야,신현희와김루트,신현희와김루트,03:34,,"오빠야 
내가 진짜 좋아하는 사람이 생겨서 
혼자 끙끙 앓다가 
죽어버릴것만 같아서 얘기를 한다 
눈 앞에 아른아른 거리는 
잘 생긴 얼굴 자꾸 
귀에 맴도는 
그의 촉촉한 목소리 예

니가 좋아하는 그 남자 
도대체 누구길래 
이렇게나 들뜬거니 
얼굴은 어떻게 생겼는지 
무슨 일을 하는지 
나는 너무나 궁금해

나는 너를 좋아하고 
너를 좋아하고 
너도 나를 좋아하고 
나를 좋아하고 
우린 서로 좋아하는데도 
그 누구도 말을 안 해요

나는 너를 좋아하고 
너를 좋아하고 
너도 나를 좋아하고 
나를 좋아하고 
우린 서로 좋아하는데도 
그 누구도 말을 안 해요

말을 하면 멀어질까 너무 두려워
너를 잃기가 나는 너무 무서워
말을 하면 멀어질까 너무 두려워
너를 잃기가 나는 너무 무서워 예

좋아하는 마음에 떨리는 날들에 
더 없이 덧없이 마음이 커지고
두근대는 마음에 설레는 날들에 
난 헤어 나올 수 없어 

나는 너를 좋아하고 
너를 좋아하고 
너도 나를 좋아하고 
나를 좋아하고 
우린 서로 좋아하는데도 
그 누구도 말을 안 해요

나는 너를 좋아하고 
너를 좋아하고 
너도 나를 좋아하고 
나를 좋아하고 
우린 서로 좋아하는데도 
그 누구도 말을 안 해요

나는 너를 좋아하고 
너를 좋아하고 
너도 나를 좋아하고 
나를 좋아하고 
우린 서로 좋아하는데도 
그 누구도 말을 안 해요

나는 너를 좋아하고 
너를 좋아하고 
너도 나를 좋아하고 
나를 좋아하고 
우린 서로 좋아하는데도 
그 누구도 말을 안 해요

나는 너를 좋아하고 
너를 좋아하고 
너도 나를 좋아하고 
나를 좋아하고 
우린 서로 좋아하는데도 
그 누구도 말을 안 해요

나는 너를 좋아하고 
너를 좋아하고 
너도 나를 좋아하고 
나를 좋아하고 
우린 서로 좋아하는데도 
그 누구도 말을 안 해요

좋아해",media/mysingimage/images_real5/20240610004oppaya.jpg,신현희와김루트
https://image.bugsm.co.kr/album/images/200/5855/585591.jpg?version=20220716004855.0,우주를 줄게,볼빨간사춘기,Full Album RED PLANET,03:33,,"커피를 너무 많이 마셨나 봐요 
심장이 막 두근대고 잠은 잘 수가 없어요
한참 뒤에 별빛이 내리면 난 
다시 잠들 순 없겠죠
 
지나간 새벽을 다 새면 
다시 네 곁에 잠들겠죠
너의 품에 잠든 난 마치 
천사가 된 것만 같아요
난 그대 품에 별빛을 쏟아 내리고 
은하수를 만들어 어디든 날아가게 할거야
 
Cause I’m a pilot anywhere 
Cause I’m a pilot anywhere 
lighting star shooting star 줄게 내 Galaxy
Cause I’m a pilot anywhere 
Cause I’m your pilot 네 곁에 
저 별을 따 네게만 줄게 my Galaxy
 
Like a star 내리는 비처럼
반짝이는 널 가지고 싶어
Get ma mind
엄지와 검지만 해도 내 마음을 너무 잘 표현해
붙어 안달 나니까
마냥 떨리기만 한 게 아냐
준비가 되면 쏘아 올린 인공위성처럼
네 주윌 마구 맴돌려 해
더 가까워진다면 네가 가져줄래
이 떨림을

어제는 내가 기분이 참 좋아서 
지나간 행성에다가 
그대 이름 새겨 놓았죠
한참 뒤에 별빛이 내리면 
그 별이 가장 밝게 빛나요
 
지나간 새벽을 다 새면 
다시 네 곁에 잠들겠죠
별빛 아래 잠든 난 마치 
온 우주를 가진 것만 같아
난 그대 품에 별빛을 쏟아 내리고 
은하수를 만들어 어디든 날아가게 할거야
 
Cause I’m a pilot anywhere 
Cause I’m a pilot anywhere 
Lighting star Shooting star 줄게 내 Galaxy
Cause I’m a pilot anywhere 
Cause I’m your pilot 네 곁에 
저 별을 따 네게만 줄게 my Galaxy
 
Cause I’m a pilot anywhere 
Cause I’m a pilot anywhere 
Lighting star Shooting star 줄게 내 Galaxy
Cause I’m a pilot I’m your pilot
Lighting star Shooting star 줄게 my Galaxy
 
라라라라라 라라라라라",media/mysingimage/images_real5/20240610005ujuleuljulge.jpg,볼빨간사춘기
https://image.bugsm.co.kr/album/images/200/4517/451789.jpg?version=20220928014010.0,위잉위잉,혁오,20,03:14,보컬 혁오 (HYUKOH) 작곡 오혁(OhHyuk),"비틀비틀 걸어가는 나의 다리
오늘도 의미없는 또 하루가 흘러가죠
사랑도 끼리끼리 하는거라 믿는 나는
좀처럼 두근두근 거릴일이 전혀없죠

위잉위잉 하루살이도
처량한 나를 비웃듯이 멀리 날아가죠
비잉비잉 돌아가는
세상도 나를 비웃듯이 계속 꿈틀대죠

Tell me Tell me, Please don’t tell
차라리 듣지 못한 편이 내겐 좋을거야
Tell me Tell me, Please don’t tell
차라리 보지 못한 편이 내겐 좋을거야

ai ai ai ai ai

사람들 북적대는 출근길의 지하철엔
좀처럼 카드찍고 타볼일이 전혀없죠
집에서 뒹굴뒹굴 할 일없어 빈둥대는
내 모습 너무 초라해서 정말 죄송하죠

위잉위잉 하루살이도
처량한 나를 비웃듯이 멀리 날아가죠
비잉비잉 돌아가는
세상도 나를 비웃듯이 계속 꿈틀대죠

쌔앵 쌔앵 칼바람도
상처난 내 마음을 어쩌지는 못할거야
뚜욱 뚜욱 떨어지는
눈물이 언젠가는 이세상을 덮을거야

Tell me Tell me, Please don’t tell
차라리 듣지 못한 편이 내겐 좋을거야
Tell me Tell me, Please don’t tell
차라리 보지 못한 편이 내겐 좋을거야
Tell me Tell me, Please don’t tell
차라리 느껴보지 못한 편이 좋을거야
Tell me Tell me, Please don’t tell
차라리 살아보지 못한 편이 좋을거야

비틀비틀 걸어가는 나의 다리
오늘도 의미없는 또 하루가 흘러가죠
사랑도 끼리끼리 하는거라 믿는 나는
좀처럼 두근두근 거릴일이 전혀없죠

위잉위잉 하루살이도
처량한 나를 비웃듯이 멀리 날아가죠
비잉비잉 돌아가는
세상도 나를 비웃듯이 계속 꿈틀대죠",media/mysingimage/images_real5/20240610006wiingwiing.jpg,혁오 (HYUKOH)
https://image.bugsm.co.kr/album/images/200/4298/429892.jpg?version=20181225005532.0,Vineyard (빈야드),우효,소녀감성,03:24,,"멀리멀리 아주 멀리 날아가 버린
거짓말처럼 사라져버린
몰래 몰래 그린 그림을 지워가요
you’ll never know 아직은 좀 선명하죠

Don’t ask. Don’t think. 
Don’t guess. Don’t say anything. 웃어줘요
Don’t raise your voice. 
Don’t say goodbye 
here, here

비가 내리면 
바람이 불면 
걷다가 보면 
그대로인 내가 미워요
그대만의 내가 미워요

우~우~우~우
우~우~우~우
우~우~아~아
never ever never ever

비가 내리면
바람이 불면
걷다가 보면
그대로인 내가,
오오 yeah
미워요 

우~우~우~우
우~우~우~우
우~우~아~아
never ever never ever",media/mysingimage/images_real5/20240610007Vineyardbinyadeu.jpg,우효(Oohyo)
https://image.bugsm.co.kr/album/images/200/201072/20107225.jpg?version=20231222010535.0,구애 (求愛),선우정아,구애 (求愛),03:33,보컬 선우정아(Sunwoojunga) 작곡 선우정아(Sunwoojunga) 작사 선우정아(Sunwoojunga) 전체 보기,"당신을 사랑한다 했잖아요
안 들려요? 왜 못 들은 척 해요
당신을 바라보는 내 눈빛 알잖아요
안 보여요? 왜 못 본 척 하냐구요
 
난 언제나 그랬어 당신만 쭉 바라봤어
넌 언제 그랬냐 역정을 내겠지만
당신이 뭘 좋아하는지 당최 모르겠어서
이렇게 저렇게 꾸며보느라 우스운 꼴이지만
 
사랑받고 싶어요 더 많이 많이
I love you 루즈한 그 말도 너에게는
평생 듣고 싶어 자꾸 듣고 싶어
언제까지 기다려야 해 언제까지 
 
I wanna hold on to your heart
 
난 언제나 불렀어 당신을 위해 노래했어
네가 언제 그랬냐 의아해 하겠지만
당신이 뭘 좋아하는지 당최 모르겠어서
이런 저런 노래 별의 별 노래를 다 불러봤지만
 
사랑받고 싶어요 더 많이 많이
I love you 루즈한 그 말도 너에게는
평생 듣고 싶어 자꾸 듣고 싶어
언제까지 기다려야 해 언제까지 
 
당신을 사랑해 누구보다 더
I love you 루즈한 그 말도 너에게는
평생 해주고 싶어 자꾸 하고 싶어
알아주지 않아도 난요 포기 안 해 
 
당신을 사랑한다 했잖아요
안 들려요? 지금 말하고 있잖아요
 
I wanna hold on to your heart",media/mysingimage/images_real5/20240610008guae.jpg,선우정아(Sunwoojunga)
https://image.bugsm.co.kr/album/images/200/4258/425835.jpg?version=20231026043834.0,소란했던 시절에,빌리어코스티,소란했던 시절에,03:52,,"넌 기억하고 있는지 모두 잊은 듯 지내는지
비내리는 그 날이면 널 떠올리곤 해

늘 함께 걷던 그 길이 이제는 낯설어질 만큼 
그렇게 오랜 시간이 흐르긴 했나 보다

지나온 우리 날들이 조금씩 사라져 가도
되돌릴 수가 없는 걸 너무 잘 알고 있기에
단 한 순간의 기억도 다 버릴 수가 없어서
기억 속에서 여전히 헤매이고 있는 나

흩어져버린 추억과 조각나 버린 마음이
뒤늦게 너를 데려와 마치 손에 닿을 만큼 
후회로 물든 순간도 다 버릴 수가 없어서 
기억 속에서 여전히 헤매이고 있는 나

그 소란했던 시절에 그대라는 이름",media/mysingimage/images_real5/20240610009solanhaessdeonsijeole.jpg,빌리어코스티
https://image.bugsm.co.kr/album/images/200/200196/20019666.jpg?version=20210428040247.0,EVERYTHING,검정치마,EVERYTHING,04:53,,"You are my everything
My everything
My everything
You are my everything
My everything

비가 내리는 날엔 
우리 방안에 누워 
아무 말이 없고
감은 눈을 마주보면 
모든 게 우리 거야
조금 핼쑥한 얼굴로 
날 찾아올 때도
가끔 발칙한 얘기로 
날 놀랠킬 때도

You are my everything
My everything
My everything
You are my everything
My everything

넌 내 모든 거야
내 여름이고
내 꿈이야
넌 내 모든 거야
나 있는 그대로 
받아 줄게요",media/mysingimage/images_real5/20240610010EVERYTHING.jpg,검정치마
https://image.bugsm.co.kr/album/images/200/5031/503179.jpg?version=20240223040551.0,Madeleine Love,CHEEZE,CHEEZE 1.5집 PLAIN,03:38,,"오늘같이 싱그러운 날엔 
길거리 차도 별로 다니지 않아
문득 지나가다 거울을 보면
오늘 내 모습은 좀 예뻐 보이네

이따가 널 보면 무슨 말을 할까 
날씨가 좋다고 
뻔한 말이라도 건네볼까
어색한 장난이라도 용감하게 
오늘은 널 웃음 짓게 만들 거야

I’m in madeleine love 
I’m in madeleine love 
I’m in madeleine love 

오늘같이 햇볕 좋은 날엔
매일 걷던 거리도 지겹지 않아
문득 지나가다 거울을 보면
내 얼굴도 이 정도면 잘생겼네

이따가 널 보면 무슨 말을 할까
날씨가 좋다고 
공원이라도 좀 걷자 할까
짓궂은 장난이라도 용감하게
오늘은 널 웃음 짓게 만들 거야

I’m in madeleine love 
I’m in madeleine love 
I’m in madeleine love 

I’m in madeleine love 
I’m in madeleine love 
I’m in madeleine love",media/mysingimage/images_real5/20240610011MadeleineLove.jpg,CHEEZE(치즈)
https://image.bugsm.co.kr/album/images/200/2439/243980.jpg?version=20210421040724.0,졸업,브로콜리너마저,졸업,05:25,,"그 어떤 신비로운 가능성도 
희망도 찾지 못해 방황하던 청년들은 
쫓기듯 어학연수를 떠나고

꿈에서 아직 덜 깬 아이들은 
내일이면 모든 게 끝날 듯 
짝짓기에 몰두했지

난 어느 곳에도 없는 나의 자리를 찾으려 
헤매었지만 갈 곳이 없고
우리들은 팔려가는 서로를 바라보며 
서글픈 작별의 인사들을 나누네

이 미친 세상에 어디에 있더라도 행복해야 해 
넌 행복해야 해 행복해야 해
이 미친 세상에 어디에 있더라도 잊지 않을게
잊지 않을게 널 잊지 않을게


낯설은 풍경들이 지나치는 
오후의 버스에서 깨어 
방황하는 아이 같은 우리
어디쯤 가야만 하는지 벌써 지나친 건 아닌지 
모두 말하지만 알 수가 없네

난 어느 곳에도 없는 나의 자리를 찾으려 
헤매었지만 갈 곳이 없고
우리들은 팔려가는 서로를 바라보며 
서글픈 작별의 인사들을 나누네

이 미친 세상에 어디에 있더라도 행복해야 해 
넌 행복해야 해 행복해야 해
이 미친 세상에 어디에 있더라도 잊지 않을게
잊지 않을게 널 잊지 않을게


이 미친 세상에, 이 미친 세상에
이 미친 세상에, 이 미친 세상에
이 미친 세상에, 이 미친 세상에
이 미친 세상을 믿지 않을게

이 미친 세상에, 이 미친 세상에
이 미친 세상에, 이 미친 세상에
이 미친 세상에, 이 미친 세상에
이 미친 세상을 믿지 않을게",media/mysingimage/images_real5/20240610012joleob.jpg,브로콜리너마저
https://image.bugsm.co.kr/album/images/200/2490/249054.jpg?version=20220722003502.0,우리는 선처럼 가만히 누워 (feat. 이상순),요조,우리는 선처럼 가만히 누워,03:57,보컬 요조 피쳐링 이상순,"우리는 선처럼 가만히 누워
닿지 않는 천장에 손을 뻗어보았지 별을
진짜 별을 손으로 딸 수 있으면 좋을텐데
그럼 너의 앞에 한 쪽만 무릎꿇고
저 멀고 먼 하늘의 끝 빛나는 작은 별
너에게 줄게 다녀올게 말할수 있을텐데
우리는 선처럼 가만히 누워
볼 수 없는 것을 보려 눈을 감아보았지
어딘가 정말로 영원이라는
정류장이 있으면 좋을텐데
그럼 뭔가 잔뜩 들어있는 배낭과
시들지 않는 장미꽃 한 송이를 들고
우리 영원까지 함께 가자고 말할수 있을텐데
우리는 선처럼 가만히 누워
우리는 선처럼 가만히 누워
우리는 선처럼 가만히 누워
우리는 선처럼 가만히 누워
우리는 선처럼 가만히 누워
우리는 선처럼 가만히 누워
우리는 선처럼 가만히 누워
우리는 선처럼 가만히 누워",media/mysingimage/images_real5/20240610013ulineunseoncheoleomgamanhinuwofeatisangsun.jpg,요조
https://image.bugsm.co.kr/album/images/200/3135/313505.jpg?version=20240515003313.0,안아줘,정준일,Lo9ve3r4s,04:34,,"서러운 맘을 못 이겨
잠 못 들던 어둔 밤을 또 견디고
내 절망관 상관없이
무심하게도 아침은 날 깨우네

상처는 생각보다 쓰리고
아픔은 생각보다 깊어가
널 원망하던 수많은 밤이 내겐 지옥같아

내 곁에 있어줘 내게 머물러줘
네 손을 잡은 날 놓치지 말아줘
이렇게 니가 한걸음 멀어지면 
내가 한걸음 더 가면 되잖아

하루에도 수천번씩 
니 모습을 되뇌이고 생각했어
내게 했던 모진 말들
그 싸늘한 눈빛 차가운 표정들.

넌 참 예쁜 사람 이었잖아
넌 참 예쁜 사람 이었잖아
제발 내게 이러지 말아줘 넌 날 잘 알잖아

내 곁에 있어줘 내게 머물러줘
네 손을 잡은 날 놓치지 말아줘
이렇게 니가 한걸음 멀어지면 
내가 한걸음 더 가면 되잖아

내겐 내가 없어 난 자신이 없어
니가 없는 하루 견딜 수가 없어
이젠 뭘 어떻게 해야 할지 
모르겠어 니가 없는 난

그냥 날 안아줘 나를 좀 안아줘
아무 말 말고서 내게 달려와줘
외롭고 불안하기만 한 맘으로
이렇게 널 기다리고 있잖아 

난 너를 사랑해 난 너를 사랑해
긴 침묵 속에서 소리 내 외칠게
어리석고 나약하기만 한 내 마음을",media/mysingimage/images_real5/20240610014anajwo.jpg,정준일
https://image.bugsm.co.kr/album/images/200/201074/20107410.jpg?version=20220324021603.0,선물,멜로망스,Moonlight,04:20,보컬 멜로망스(MeloMance) 작곡 멜로망스(MeloMance) 작사 김민석 전체 보기,"빛이 들어오면 자연스레 뜨던 눈 
그렇게 너의 눈빛을 보곤
사랑에 눈을 떴어

항상 알고 있던 것들도 어딘가
새롭게 바뀐 것 같아
남의 얘기 같던 설레는 일들이
내게 일어나고 있어

나에게만 준비된 선물 같아
자그마한 모든 게 커져만 가
항상 평범했던 일상도
특별해지는 이 순간

별생각 없이 지나치던 것들이
이제는 마냥 내겐 예뻐 보이고
내 맘을 설레게 해

항상 어두웠던 것들도 어딘가
빛나고 있는 것 같아
남의 얘기 같던 설레는 일들이
내게 일어나고 있어

나에게만 준비된 선물 같아
자그마한 모든 게 커져만 가
항상 평범했던 일상도
특별해지는 이 순간

너를 알게 된 뒤 보이는
모든 것들이 너무 예뻐 보여
그렇게 신난 아이처럼
순수한 사람이 된 것 같아

나에게만 준비된 선물 같아
자그마한 모든 게 커져만 가
항상 평범했던 일상도
특별해지는 이 순간
깊은 사랑에 빠진 순간",media/mysingimage/images_real5/20240610015seonmul.jpg,멜로망스(MeloMance)
https://image.bugsm.co.kr/album/images/200/202245/20224543.jpg?version=20231026055407.0,이 노래가 클럽에서 나온다면,우디,이 노래가 클럽에서 나온다면,03:39,"보컬 우디(Woody) 작곡 우디(Woody) , 김동휘 작사 우디(Woody) 전체 보기","이 노래가 클럽에서 나온다면
네가 이 음악에 춤출 수 있을까요
이 노래가 클럽에서 나온다면
혹시 그녀가 내게 전화할까요
이 노래가 흘러 네게 닿는다면
그대는 웃을까요 눈물 흘릴까요
궁금하죠 과연
You still have fire you still have fire
해가 지고 나서 눈이 떠진 날
침대가 너무 넓다고 느껴진 날
베개 하나가 할 일을 잃은 날
잠깐만 오늘 꿈에서 널 본 것 같아
난 한 번 더 보려고 눈을 감네
But I can do a nothing 적적한 마음에
떠날 거라면 이 맘도 가져가
어차피 넌 내 말 듣지 않을 거니까
이 노래가 클럽에서 나온다면
네가 이 음악에 춤출 수 있을까요
이 노래가 클럽에서 나온다면
혹시 그녀가 내게 전화할까요
이 노래가 흘러 네게 닿는다면
그대는 웃을까요 눈물 흘릴까요
궁금하죠 과연 과연
You still have fire fire
Fire up fire up fire up
You still have fire you still have fire
Fire up fire up fire up
You still have fire you still have fire
Fire up fire up fire up
You still have fire you still have fire
궁금하죠 과연 과연
You still have fire fire
그래 네가 맞아 네가 했던 말
다 맞는 말이고 이미 떠나보낸 막차
내가 전화해도 너는 받질 않아
손을 뻗어봤자 전혀
널 지워 버리려고 해
술의 힘을 빌려 Oh oh
But 또 가지 널 만나러 꿈속으로 3 2 1
이 노래가 클럽에서 나온다면
네가 이 음악에 춤출 수 있을까요
이 노래가 클럽에서 나온다면
혹시 그녀가 내게 전화할까요
이 노래가 흘러 네게 닿는다면
그대는 웃을까요 눈물 흘릴까요
궁금하죠 과연 과연
You still have fire fire
걸어와 줘 넌 내게로
여전히 넌 예쁜 채로
내 곁에 있어 내 옆에 있어
아직도 멈춘 시간 그곳에 있어
내 노래가 들리면 지금 전화해줘 1 2 3
이 노래가 클럽에서 나온다면
네가 이 음악에 춤출 수 있을까요
이 노래가 클럽에서 나온다면
혹시 그녀가 내게 전화할까요
이 노래가 흘러 네게 닿는다면
그대는 웃을까요 눈물 흘릴까요
궁금하죠 과연 과연
You still have fire fire
Fire up fire up fire up
You still have fire you still have fire
Fire up fire up fire up
You still have fire you still have fire
Fire up fire up fire up
You still have fire you still have fire
궁금하죠 과연 과연
You still have fire fire",media/mysingimage/images_real5/20240610016inolaegakeulleobeseonaondamyeon.jpg,우디(Woody)
https://image.bugsm.co.kr/album/images/200/3246/324696.jpg?version=20231026042433.0,여수 밤바다,버스커 버스커,버스커 버스커 1집,04:40,,"여수 밤바다 이 조명에 담긴 아름다운 얘기가 있어 
네게 들려주고파 전활 걸어 뭐하고 있냐고 
나는 지금 여수 밤바다 여수 밤바다

아 아 아 아 아 아 아

너와 함께 걷고 싶다
이 바다를 너와 함께 걷고 싶어
이 거리를 너와 함께 걷고 싶다
이 바다를 너와 함께 걷고 싶어

여수 밤바다

여수 밤바다 이 바람에 걸린 
알 수 없는 향기가 있어
네게 전해주고파 전활 걸어 뭐하고 있냐고
나는 지금 여수 밤바다 여수 밤바다

아 아 아 아 아 아 아 아

너와 함께 걷고 싶다
이 바다를 너와 함께 걷고 싶어
이 거리를 너와 함께 걷고 싶다
이 바다를 너와 함께 너와 함께 오

바다 이 조명에 담긴 아름다운 얘기가 있어 
네게 들려주고파 전활 걸어 뭐하고 있냐고 
나는 지금 여수 밤바다 여수 밤바다
아 바다 아아아 하아아아 하아오오 
하 아아아 허오 아아아아

뭐하고 있냐고 나는 지금 여수 밤바다",media/mysingimage/images_real5/20240610017yeosubambada.jpg,버스커 버스커(Busker Busker)
https://image.bugsm.co.kr/album/images/200/201320/20132009.jpg?version=20230407142255.0,Diving into you,모트,Diving into you,03:22,보컬 모트(Motte) 작곡 모트(Motte) 작사 모트(Motte) 전체 보기,"모두가 잠든
조용한 거실에서
가만히 누워
까맣게 잠겨가다가
네 생각에 잡혀버리는
나를 보면서
몰래 웃으면 다들 깨지
불이 켜지고나면
기다렸던 사람처럼
크게 웃고 널 더 생각해
I'm diving into your mind
널 생각하면 나는 하나도 안 무서워
I'm diving into your mind
널 생각하는 날엔 하나도 안 불안해
I'm I'm diving into you
I'm diving into your mind
I'm diving into you
I'm I'm diving into you
I'm diving into your mind
I'm diving into you
다시 불이 꺼지고
다들 꿈 꾸러 가면
난 네 마음 꾸러 갈래
다시 불이 꺼지고
다들 꿈 꾸러 가면
난 네 마음 꾸러 갈래
I'm diving into your mind
널 생각하면 나는 하나도 안 무서워
I'm diving into your mind
널 생각하는 날엔 하나도 안 불안해
I'm I'm diving into you
I'm diving into your mind
I'm diving into you
I'm I'm diving into you
I'm diving into your mind
I'm diving into you
I'm I'm diving into you
I'm diving into your mind
I'm diving into you
I'm I'm diving into you
I'm diving into your mind
I'm diving into you",media/mysingimage/images_real5/20240610018Divingintoyou.jpg,모트(Motte)
https://image.bugsm.co.kr/album/images/200/4952/495214.jpg?version=20210428040200.0,Hollywood,검정치마,Hollywood,05:35,,"오, 지금 밟고있는
땅이 꺼질것만 같아
내 손을 놓는순간
녹아 없어질걸요
넌 영화속에 살고
그런 너를 지켜보네
조명을 내려줘요

잔털 하나 없는 너의 
가느다란 목에 숨쉴때
나 몸이 떨려와
그만큼이나 좋아
하얀 마음 때 묻으면
안되니까 사랑해줘요
처음만 있구요
끝은 아득하네요

baby i just don’t know what to say
you were my dream 
you were my dream
and now it all feels so real
you are real. yea
heavy hugs and light hearted jokes
quit my day job 
just to stay up all night with you
we are going to hollywood 
and never coming back
coming back
maybe we’ll turn to gold

붉은 머리칼이 일렁이며
내게 손짓했어요
겁내지 말라고
어서 뛰어들래요
타버리면 어때요
다 바스러져 없어질텐데
나 안 돌아가요
여기 남겨두세요

don’t stop
action, friction 
live in a fiction baby

hollywood

don’t stop
action, friction 
live in a fiction baby

hollywood",media/mysingimage/images_real5/20240610019Hollywood.jpg,검정치마
https://image.bugsm.co.kr/album/images/200/3161/316183.jpg?version=20211216004943.0,백야,짙은,백야,04:08,,"너와 내가 떠난 이 알 수 없는 여행
너를 바라보다 잠이 들었는데
밤이 찾아와도 어둠이 내리지 않는
이 꿈 같은 곳으로 날 데려 온거야 

빛나는 하늘과 떨리는 두 손과 
나를 바라보는 너의 그 깊은 미소가
난 울지 않을래 피하지 않을래
어둠 속의 빛으로 넌 내게 머물러

날아가는 새들 길을 묻는 사람들 
모든 것이 아직 잠들지 않았네
어둠 속에 묻혀있던 빛나던 이 땅 모두가
꿈 같은 세계로 빛을 내고 있구나

빛나는 하늘과 떨리는 두 손과
나를 바라보는 너의 그 깊은 미소가
난 울지 않을래 피하지 않을래
어둠 속의 빛으로 넌 내게 머물러

오 그대는 보리
오 우리는 만나리
오 지지 않으리 오

날아가는 새들 길을 묻는 사람들 
모든 것이 아직 잠들지 않았네
어둠 속에 묻혀있던 빛나던 이 땅 모두가
꿈 같은 세계로 빛을 내고 있구나

빛나는 하늘과 떨리는 두 손과 
나를 바라보는 너의 그 깊은 미소가
난 울지 않을래 피하지 않을래
어둠 속의 빛으로 넌 내게 머물러",media/mysingimage/images_real5/20240610020baegya.jpg,짙은(Zitten)
https://image.bugsm.co.kr/album/images/200/2632/263269.jpg?version=20200111002246.0,사랑은 은하수 다방에서,10CM,1.0,02:50,,"사랑은 은하수 다방 문 앞에서 만나
홍차와 냉커피를 마시며
매일 똑같은 노래를 듣다가 온다네
그대는 물에 젖지 않은 성냥개비 같죠
아무리 싫은 표정 지어도
불타는 그 마음을 감출 수가 없다네
그대 나에게 무슨 말이라도 해주오
나는 찻잔에 무지개를 띄워주리
하루도 이틀도 사흘도 배겨낼 수가 없네
못살고 못 죽고 그대 없는 홍대
상수동 신촌 이대 이태원 걸어 다닐 수도 없지
그대 나에게 무슨 말이라도 해주오
나는 찻잔에 무지개를 띄워주리
하루도 이틀도 사흘도 배겨낼 수가 없네
못살고 못 죽고 그대 없는 홍대
상수동 신촌 이대 이태원 걸어 다닐 수도 없지
사랑은 은하수 다방 문 앞에서 만나
홍차와 냉커피를 마시며
매일 똑같은 노래를 듣다가 온다네
사랑은 은하수 다방 문 앞에서 만나
홍차와 냉커피를 마시며
매일 똑같은 노래를 듣다가 온다네
그대 그대 그대 그대 그대 그대
그대 그대 그대 대박 대박",media/mysingimage/images_real5/20240610021salangeuneunhasudabangeseo.jpg,10CM
https://image.bugsm.co.kr/album/images/200/200591/20059186.jpg?version=20211112164013.0,Down,오존,[O],03:41,,"넌 내 나쁜 점을 찾네
알아, 알아 난

넌 내가 다르길 원해
알아, 난 말야

못난 같은 점을 봤네
아냐, 난 아냐

넌 네 다친 마음을 겁내고는 말아
넌 말야

지금 내 마음이
어디론가 사라질까봐
이런 내 마음속을
말해줄까 아마 넌 알까

난 네가 좀 쉬길 원해
맞아, 너 말야

난 네 닫힌 마음을 열래
알아줘 알아줘

지금 네 모습이
어디선가 부서질까봐
그런 내 마음속을
알아줄까 그럴것같아

이런 내 바람이
어느샌가 전해질거야
그럼 넌 모든걸
말해줄까 그러길 바라",media/mysingimage/images_real5/20240610022Down.jpg,오존(O3ohn)
https://image.bugsm.co.kr/album/images/200/2219/221908.jpg?version=20230717152009.0,팝콘,데이브레이크,Life,03:54,,"팝콘이 춤춘다 팝팝 튀어 오른다
처음 그녀와 영화를 보러온 내 맘도 춤춘다

(우후~)난 소심한 남자(우후~) 넌 무얼 좋아할까(우후~)
고민 끝에 고른 메뉴 캐러멜 팝콘

어떤 영화를 볼까요? 로맨스 가득한 영화는 어때? 

두근두근 팝팝팝 하늘로 하얗게 날아올라
하늘 높이 팝팝팝 이젠 내 맘도 부풀어 올라
달콤한 느낌이 좋아(우후~) 따뜻한 느낌이 좋아 팝팝팝

(우후~)난 소심한 남자(우후~) 넌 어떤 표정일까(우후~)
내 눈에는 영화 대신 가득한 너의 옆모습

어떤 영화를 본대도 로맨스가 펼쳐질 것 같아

두근두근 팝팝팝 하늘로 하얗게 날아올라
하늘 높이 팝팝팝 이젠 내 맘도 부풀어 올라
달콤한 느낌이 좋아(우후~) 따뜻한 느낌이 좋아 팝팝팝 팝팝팝

우연히 팝콘에 손을 뻗은 순간
따스한 온기가 느껴져
서로 잡았던 두 손을 놓지 않았죠
심장이 터질 것 같아
눈물을 쏟을 것 같아
Forever with you~ 

팝팝팝 하늘로 하얗게 날아올라
하늘 높이 팝팝팝 이젠 내 맘도 부풀어 올라
달콤한 느낌이 좋아(우후~) 따뜻한 느낌이 좋아 팝팝팝(우후~)

팝팝팝 하늘로 하얗게 날아올라(우후~)
팝팝팝 이젠 내 맘도 부풀어 올라(우후~)
달콤한 느낌이 좋아(우후~) 따뜻한 느낌이 좋아 팝팝팝(우후~)",media/mysingimage/images_real5/20240610023pabkon.jpg,데이브레이크(DAYBREAK)
https://image.bugsm.co.kr/album/images/200/2793/279351.jpg?version=20231222010414.0,"수고했어, 오늘도",옥상달빛,28,02:57,,"세상 사람들 모두 정답을 알긴 할까 
힘든 일은 왜 한번에 일어날까 

나에게 실망한 하루 
눈물이 보이기 싫어 
의미 없이 밤 하늘만 바라봐 

작게 열어둔 문틈 사이로 
슬픔 보다 더 큰 외로움이 다가와 더 날

수고했어 오늘도 
아무도 너의 슬픔에 관심 없대도 
난 늘 응원해, 수고했어 오늘도 

빛이 있다고 분명 있다고 믿었던 
길마저 흐릿해져 점점 더 날

수고했어 오늘도 
아무도 너의 슬픔에 관심 없대도 
난 늘 응원해, 수고했어 수고했어 수고했어 오늘도 

라랄라라라라라 라라라 라라라라라라라라 
라라 라라라라 라라라 라라라 

수고했어 오늘도 
아무도 너의 슬픔에 관심 없대도 
난 늘 응원해, 수고했어 오늘도",media/mysingimage/images_real5/20240610024sugohaesseooneuldo.jpg,옥상달빛
https://image.bugsm.co.kr/album/images/200/200592/20059245.jpg?version=20210421043842.0,It's Raining (Feat. 버벌진트),스텔라 장,Colors,03:14,보컬 스텔라 장(Stella Jang) 피쳐링 버벌진트(Verbal Jint),"It's raining outside the window
it's raining
just like the day you left me oh oh

그때 난 너무나 나약하고 
겁이 많아서 
널 보냈어 oh oh

나는 아직도 생각이 나 
우산도 없이 비를 맞던 그 거리의 너와 나
언젠가 다시 우연이 
널 만나게 한다면 
그땐 말할게 내 안의 진심
It's raining

헤아려보니 어느덧
신기하게도 벌써 
몇 개의 계절이 갔네 
funny what time can do
우리 산책 후 비에 젖어 들어간 조그만 가게
거기 간판 색 자꾸 이상하게 쳐다보던
시선들까지 다 기억이 나
아주 오래전의 이야기야
그때의 난 겁이 많았나봐
서로의 숨결이 닿은 순간마다
고개를 돌려 먼 곳을 보려했지
너도 이제는 이해할까 날
it's raining outside now
비가 오니까 괜히 생각이 나
혹시 널 다시 보게 된다면
할 수 있을 것만 같아 그 말

나는 아직도 생각이 나 
우산도 없이 비를 맞던 
그 거리의 너와 나
언젠가 다시 우연이 
널 만나게 한다면 
그땐 말할게 고마웠다고
It's raining",media/mysingimage/images_real5/20240610025ItsRainingFeatbeobeoljinteu.jpg,스텔라 장(Stella Jang)
https://image.bugsm.co.kr/album/images/200/200938/20093888.jpg?version=20190522040212.0,선을 그어 주던가,1415,DEAR : X,02:40,"보컬 1415 작곡 오지현 , 주성근 작사 주성근 전체 보기","금요일인가 네가 만나자 했던 날이
그 시간 이후로 난 너와 나 생각해봤어
무슨 일일까 아니 무슨 말을 할까
아니 무슨 옷을 입을까
그렇게 금요일이 왔어
너의 발을 맞추려 할 때 마다
넌 빠르게 걷는 걸 느껴 oh my mind
말도 못한 채 네 옆에 서 있는 내가
널 안아볼 수 있다면
여기까지였던가 거길 가도 될런가
애매하기만 하다
아예 선을 그어 주든가
네가 나를 잡든가 잡힐 손을 주든가
오늘도 이렇게 너를 보낸다
너의 발을 맞추려 할 때 마다
넌 빠르게 걷는 걸 느껴 oh my mind
말도 못한 채 네 옆에 서 있는 내가
널 안아볼 수 있다면
여기까지였던가 거길 가도 될런가
애매하기만 하다
아예 선을 그어 주든가
네가 나를 잡든가 잡힐 손을 주든가
오늘도 이렇게 너를 보낸다
잡힐 손을 주든가 네가 꽉 안기든가
내가 널 좋아한다고",media/mysingimage/images_real5/20240610026seoneulgeueojudeonga.jpg,1415
https://image.bugsm.co.kr/album/images/200/200407/20040724.jpg?version=20231222013456.0,어떻게 생각해,CHEEZE,Q,03:25,,"이른 노을지던 그 하늘 아래
가로수 길을 따라 걷던 우리들
많은 사람들과 
발끝을 부딪치며 걷고있어

아무 생각 없이 앞만 봤었고
뒤에선 누군가가 쫓아온 듯 해
이 많은 사람들은 모두 
어디로 가고 있는 걸까

어떻게 생각해
어떻게 생각해 넌
어떻게 생각해
어떻게 생각해 넌
난 늘 생각해
난 늘 생각해야 해
이제 그만 지겨워

어떻게 생각해
어떻게 생각해 넌
어떻게 생각해 
이렇게 생각해 난 
이제 그만 지겨워

그 날 넌 기억하니
예전에 우리 꿈을 나누던 
그 밤의 놀이터를
마냥 하늘만 보며 
결국 잘될 거라고 얘기했지

어떻게 생각해
어떻게 생각해 넌
어떻게 생각해
어떻게 생각해 넌
난 늘 생각해
난 늘 생각해야 해
이제 그만 지겨워

어떻게 생각해
어떻게 생각해 넌
어떻게 생각해 
이렇게 생각해 난 
이제 그만 지겨워

바보 같던 웃음의 
순수했던 날 우리가
오늘도 내일도 매일이 그리워

어떻게 생각해
어떻게 생각해 넌
어떻게 생각해
어떻게 생각해 넌
난 늘 생각해
난 늘 생각해야 해
이제 그만 지겨워

어떻게 생각해
어떻게 생각해 넌
어떻게 생각해 
이렇게 생각해 난 
이제 그만 지겨워",media/mysingimage/images_real5/20240610027eotteohgesaenggaghae.jpg,CHEEZE(치즈)
https://image.bugsm.co.kr/album/images/200/2141/214101.jpg?version=20211216021602.0,기찻길,규원,두 번의 겨울이 만든 이야기,03:16,,"녹슨 기찻길엔 애처롭게 곧은 마음
그 끝엔 그대가 보여 따라가고픈 길
우린 긴 세월 나란히 달려왔죠
한 번도 손잡지 못한 슬픈 정직함
가까이 가려 몸부림치다가
차라리 멀어지려 한 다해도

결국은 모두 휘어진 아픔이 되네요
굽이쳐 흘러 부서지는 물결처럼
내 마음 어느새 눈물로 터져 나오고
휘어진 길론 아무도 달리지 않아요

눈을 뗄 수 없는 우릴 닮은 그길
먼 끝에서 우린 하나였어요
하지만 달려도 닿지 않는 그 끝
그리워 할수록 달아나는 곳
가까이가려 몸부림치다가
차라리 멀어지려 한 다해도

결국은 모두 휘어진 아픔이 되네요
굽이쳐 흘러 바다에 닿는 강물처럼
큰 상처 남기고 나는 그대를 떠났고
휘어진 길론 시간도 달리지 않아요

때론 이리저리 굽은 세월들로
많은 기대를 품게 했던 그 길

하늘이 걷히고 쌓인 눈도 녹으니
드러난 이별의 마음
내 마음 어느새 눈물로 터져 나오고 
휘어진 길론 아무도 달리지 않아요",media/mysingimage/images_real5/20240610028gichasgil.jpg,규원
https://image.bugsm.co.kr/album/images/200/201687/20168753.jpg?version=20220716015645.0,여행,볼빨간사춘기,Red Diary Page.2,03:41,"보컬 볼빨간사춘기 작곡 안지영 , 바닐라맨 작사 안지영 전체 보기","저 오늘 떠나요 공항으로
핸드폰 꺼 놔요
제발 날 찾진 말아줘
시끄럽게 소리를 질러도
어쩔 수 없어 나
가볍게 손을 흔들며 Bye bye
쉬지 않고 빛났던
꿈같은 My youth
이리저리 치이고
또 망가질 때쯤
지쳤어 나 미쳤어 나
떠날 거야 다 비켜
I fly away
Take me to London Paris
New york city들
아름다운 이 도시에 빠져서 나
Like I'm a bird bird
날아다니는 새처럼
난 자유롭게 Fly fly 나 숨을 쉬어
Take me to new world
Anywhere 어디든
답답한 이곳을 벗어나기만 하면
Shining light light
빛나는 My youth
자유롭게 Fly fly 나 숨을 쉬어
저 이제 쉬어요 떠날 거예요
노트북 꺼 놔요
제발 날 잡진 말아줘
시끄럽게 소리를 질러도
어쩔 수 없어 나
가볍게 손을 흔들며 See ya
쉬지 않고 빛났던
꿈같은 My youth
이리 저리 치이고
또 망가질 때쯤
지쳤어 나 미쳤어 나
떠날 거야 다 비켜
I fly away
Take me to London Paris
New york city들
아름다운 이 도시에 빠져서 나
Like I'm a bird bird
날아 다니는 새처럼
난 자유롭게 Fly fly 나 숨을 쉬어
Take me to new world
Anywhere 어디든
답답한 이곳을 벗어나기만 하면
Shining light light
빛나는 My youth
자유롭게 Fly fly 나 숨을 쉬어
I can fly away fly
Always always always
Fly away
Take me to new world
Anywhere 어디든
답답한 이곳을 벗어나기만 하면
Shining light light
빛나는 My youth
자유롭게 Fly fly 나 숨을 쉬어",media/mysingimage/images_real5/20240610029yeohaeng.jpg,볼빨간사춘기
https://image.bugsm.co.kr/album/images/200/2175/217550.jpg?version=20231020141540.0,추억이라 부르는 이름의 노래,모노 다이어리,추억이라 부르는 이름의 노래,03:03,,"잊기 힘든 그 때 그 겨울 우리 함께 
거닐던 추억 속에 그 거리 
내가 처음으로 산 팝 카세트 테잎
 나의 미래를 바꿔준 노래 너무 소중한 노래
스쳐가는 그 바람결에 스며드는 
나의 미래를 알아볼 수 있다면 후횐 않을 텐데

내 꿈들이 내 사랑이 
한 조각 바람의 등 뒤에서 노래하네
랄랄라라~~~

니가 만든 추억의 노래 소리 크게 
울리면 꿈을 꾸는 그 거리 
너의 향기 가득한 커피색 머플러 
지금 까지도 나를 감싸네 부드럽게 감싸네
스쳐가는 그 바람결에 스며드는
나의 미래를 알아볼 수 있다면 후횐 않을 텐데 

내 꿈 들이 내 사랑이 한 조각 
바람의 등 뒤에서 노래하네
랄랄라라~~~",media/mysingimage/images_real5/20240610030chueogilabuleuneunileumuinolae.jpg,모노 다이어리(Mono Diary)
https://image.bugsm.co.kr/album/images/200/200436/20043627.jpg?version=20230310155011.0,청춘 (Day),우효,청춘,03:04,,"어젯밤엔 무슨 꿈을 꾸다 깼는지
놀란 마음을 쓸어내려야 했어요

손도 작은 내가 나를 달래고 나면
가끔은 눈물이 고여

무서워요 니가 없는 세상은
두려워요 혼자 걷는 이 밤은
바닷길에 그 어떤 숨은 보석도
내 눈물을 닦아줄 순 없죠 

나는 그대의 
아름다운 별이 되고 싶어요
날 이해해줘요

그대에게만 
아름다운 꽃이 되고 싶어요
나를 불러줘요
널 비출 수 있게",media/mysingimage/images_real5/20240610031cheongchunDay.jpg,우효(Oohyo)
https://image.bugsm.co.kr/album/images/200/202371/20237198.jpg?version=20210421045158.0,주저하는 연인들을 위해,잔나비,전설,04:25,"보컬 잔나비 작곡 잔나비 최정훈 , 김도형 , 유영현 작사 잔나비 최정훈 전체 보기","나는 읽기 쉬운 마음이야
당신도 스윽 훑고 가셔요
달랠 길 없는 외로운 마음 있지
머물다 가셔요 음
내게 긴 여운을 남겨줘요
사랑을 사랑을 해줘요
할 수 있다면 그럴 수만 있다면
새하얀 빛으로 그댈 비춰 줄게요
그러다 밤이 찾아오면
우리 둘만의 비밀을 새겨요
추억할 그 밤 위에 갈피를 꽂고 선 
남몰래 펼쳐보아요 
나의 자라나는 마음을
못 본채 꺾어 버릴 수는 없네
미련 남길바엔 그리워 아픈 게 나아
서둘러 안겨본 그 품은 따스할 테니
그러다 밤이 찾아오면
우리 둘만의 비밀을 새겨요
추억할 그 밤 위에 갈피를 꽂고 선
남몰래 펼쳐보아요
언젠가 또 그날이 온대도
우린 서둘러 뒤돌지 말아요
마주보던 그대로 뒷걸음치면서
서로의 안녕을 보아요
피고 지는 마음을 알아요 다시 돌아온 계절도
난 한 동안 새 활짝 피었다 질래 또 한번 영원히
그럼에도 내 사랑은 또 같은 꿈을 꾸고
그럼에도 꾸던 꿈을 난 또 미루진 않을거야",media/mysingimage/images_real5/20240610032jujeohaneunyeonindeuleulwihae.jpg,잔나비
https://image.bugsm.co.kr/album/images/200/3748/374823.jpg?version=20240223040343.0,봉숙이,장미여관,Found Tracks Vol.34,04:47,,"야 봉숙아 말라고 집에 드갈라고 
꿀발라스 났드나 나도 함 묵어보자
아까는 집에 안 간다고 데낄라 시키돌라케서 
시키났드만 집에 간다 말이고

못 드간다 못 간단 말이다
이 술 우짜고 집에 간단 말이고
못 드간다 못 간단 말이다
묵고 가든지 니가 내고 가든지

야 봉숙아 택시는 말라 잡을라고 
오빠 술 다 깨면 집에다 태아줄게 태아줄게
저기서 술만 깨고 가자 
딱 30분만 셔따 가자
아줌마 저희 술만 깨고 갈게요

못 드간다 못 간단 말이다
이 술 우짜고 집에 간단 말이고
못 드간다 못 간단 말이다
묵고 가든지 니가 내고 가든지

못 드간다 못 간단 말이다
이 술 우짜고 집에 간단 말이고
못 간단 말이다
묵고 가든지 니가 내고 가든지

사랑을 찾아서 사람을 찾아서 
오늘도 헤매고 있잖아
사랑을 찾아서 사람을 찾아서 
오늘도 헤매고 있잖아",media/mysingimage/images_real5/20240610033bongsugi.jpg,장미여관
https://image.bugsm.co.kr/album/images/200/200488/20048810.jpg?version=20210421043751.0,뜨거운 여름밤은 가고 남은 건 볼품없지만,잔나비,MONKEY HOTEL,04:03,,"그땐 난 어떤 마음이었길래
내 모든걸 주고도 웃을 수 있었나
그대는 또 어떤 마음이었길래
그 모든걸 갖고도 돌아서 버렸나
뜨거운 여름밤은 가고
남은 건 볼 품 없지만
또다시 찾아오는 누군갈 위해서
남겨두겠소
다짐은, 세워올린 모래성은
심술이 또 터지면
무너지겠지만
뜨거운 여름밤은 가고
남은 건 볼 품 없지만
또다시 찾아오는 누군갈 위해서
남겨두겠소
그리운 그 마음 그대로
영원히 담아둘거야
언젠가 불어오는 바람에
남몰래 날려보겠소
눈이 부시던 그 순간들도
가슴아픈 그대의 거짓말도
새하얗게 바래지고
비틀거리던 내 발걸음도
그늘아래 드리운 내 눈빛도
아름답게 피어나길
눈이 부시던 그 순간들도
가슴아픈 그대의 거짓말도
새하얗게 바래지고
비틀거리던 내 발걸음도
그늘아래 드리운 내 눈빛도
아름답게 피어나길
눈이 부시던 그 순간들도
가슴아픈 그대의 거짓말도
새하얗게 바래지고
비틀거리던 내 발걸음도
그늘아래 드리운 내 눈빛도
아름답게 피어나길",media/mysingimage/images_real5/20240610034tteugeounyeoleumbameungagonameungeonbolpumeobsjiman.jpg,잔나비
https://image.bugsm.co.kr/album/images/200/2459/245978.jpg?version=20220428164633.0,내 맘이 말을 해 (Reprise),안녕 바다,City Complex,03:25,,"어딜 가도 눈물이 나고 
생각처럼 다 쉽진 않았어. 
모두 정리하겠단 맘을 먹을수록 
더 선명해 짐을 느껴 
 
내 맘이 말을 해 
오늘 밤 너의 집에 데려가 달래 
머물러 있지만 
시간은 자꾸 흘러 미칠 것 같아 
 
왜 말하지 못 하고 
눈물만 흘리다가 
떠나는 발걸음 그 골목 어디쯤 
네가 있을까 
 
내 맘이 말을 해 
따뜻한 너의 품에 데려가 달래 
숨 쉬곤 있지만 
모든 건 끝났어. 난 미칠 것 같아 
 
왜 말하지 못하고 
눈물만 흘리다가 
떠나는 발걸음 그 골목 어디 쯤 
네가 있을까 
 
왜 말하지 못하고 
내 마음만 숨기다가 
떠나는 발걸음 그 골목 어디 쯤 
네가 있을런지 
 
너는 어디쯤에 있을까 

생각이 나 
생각이 나 
생각이 나",media/mysingimage/images_real5/20240610035naemamimaleulhaeReprise.jpg,안녕 바다
https://image.bugsm.co.kr/album/images/200/3089/308961.jpg?version=20240103010817.0,"그대와 나, 설레임 (feat. 소울맨)",어쿠스틱 콜라보,Unplugged,03:38,보컬 어쿠스틱 콜라보(Acoustic Collabo) 피쳐링 소울맨(Soulman),"나 그대가 너무 좋은데 말하고 싶은데
용기가 안나
나도 그대가 너무 좋은데 말하고 싶은데
용기가 안나

사랑해 말하고 싶은데
이렇게 속만 태우다가 
그대가 떠나가 버릴까 
늘 바보같이 걱정만 하는 우리

나 오늘은 떨리는 맘으로 그대 바라보며
고백할게요
나도 오늘은 용기낼래요 그대 바라보며
고백할게요

사랑해 말하고 싶은데
이렇게 속만 태우다가 
그대가 떠나가 버릴까 
늘 바보같이 걱정만 하는 우리

그대 눈길보면 당황해서 나 눈을 돌리고
그대 앞에서면 바보같이 얼굴 붉히고
그대를 사랑한다 
수없이 연습하고 연습했는데
말도 못하고

사랑해 말하고 싶은데
이렇게 속만 태우다가 
그대가 떠나가 버릴까 
늘 바보같이 걱정만 하는 우리",media/mysingimage/images_real5/20240610036geudaewanaseolleimfeatsoulmaen.jpg,어쿠스틱 콜라보(Acoustic Collabo)
https://image.bugsm.co.kr/album/images/200/2793/279351.jpg?version=20231222010414.0,없는게 메리트,옥상달빛,28,03:28,,"없는게 메리트라네 난
있는게 젊음이라네 난
두 팔을 벌려 세상을 다 껴안고
난 달려갈꺼야
나는 가진게 없어 손해 볼게 없다네
난 정말 괜찮아요 그리 슬프지 않아요
주머니 속에 용기를 꺼내보고 오늘도 웃는다
그래 없는게 메리트라네 난
있는게 젊음이라네 난
두 팔을 벌려 세상을 다 껴안고 난 달려갈꺼야

어제 밤도 생각해봤어
어쩌면 나는 벌써 겁내는거라고
오늘은 나, 눈물을 참고 힘을 내야지
포기하기엔 아직은 나의 젊음이 찬란해
없는게 메리트라네 난
있는게 젊음이라네 난
두 팔을 벌려 세상을 다 껴안고 난 달려갈꺼야
난 달려갈꺼야
난 없는게 메리트",media/mysingimage/images_real5/20240610037eobsneungemeliteu.jpg,옥상달빛
https://image.bugsm.co.kr/album/images/200/3315/331509.jpg?version=20211216023458.0,새벽녘,에피톤 프로젝트,낯선 도시에서의 하루,05:28,,"밤새 내린 빗줄기는 
소리 없이 마름을 적시고
구름 걷힌 하늘 위로
어딘가 향해 떠나는 비행기

막연함도 불안도 혹시 모를 눈물도
때로는 당연한 시간인 걸 

수많은 기억들이 떠올라
함께했던 시간을 꺼내놓고
오랜만에 웃고 있는 날 보며,
잘 지냈었냐고 물어 보네

수많은 기억들이 떠올라
함께했던 시간의 눈물들은
어느샌가 너의 모습이 되어
잘 지냈었냐고 물어 보네

밤새 내린 빗줄기는 
소리 없이 마름을 적시고
구름 걷힌 하늘 위로
어딘가 향해 떠나는 비행기

막연함도 불안도 혹시 모를 눈물도
때로는 당연한 시간인 걸 

수많은 기억들이 떠올라
함께했던 시간을 꺼내놓고
오랜만에 웃고 있는 날 보며,
잘 지냈었냐고 물어 보네

수많은 기억들이 떠올라
함께했던 시간의 눈물들은
어느샌가 너의 모습이 되어
잘 지냈었냐고 물어 보네

스쳐가는 많은 계절이
왜 이렇게도 마음 아픈지 모르겠어
그대여, 우리 함께했던 그 많은 시간이
어디서부터 잘못 된 건지 모르겠어…

수많은 기억들이 떠올라
함께했던 시간을 꺼내놓고
오랜만에 웃고 있는 날 보며,
잘 지냈었냐고 물어 보네

수많은 기억들이 떠올라
함께했던 시간의 눈물들은
어느샌가 너의 모습이 되어
잘 지냈었냐고 물어 보네",media/mysingimage/images_real5/20240610038saebyeognyeok.jpg,에피톤 프로젝트(Epitone Project)
https://image.bugsm.co.kr/album/images/200/3888/388803.jpg?version=20181214003543.0,목소리 (feat. 정기고),스웨덴세탁소,목소리,03:51,보컬 스웨덴세탁소 피쳐링 정기고(Junggigo),"목소리만 들어도 눈물이 날 것 같아
아직은 내가 다 버텨낼 힘이 없어 
미쳐버릴 것 같아 변해가는 널 보는게
멀어져가는 네 맘을 감당하는게 

차갑게 돌아서도 이별의 말을 해도
알잖아 붙잡지도 못할 나를 
서운한 티라도 내면 네 맘이 더 힘들까봐
말 한 마디조차 건네는 것도 겁이나

아직은 그 말 하지 말아줘 내게 조금만 시간을 줘
함께 걸어왔던 시간들이 날 해치지 않게 도와줘

그런 눈빛으로 보지마 널 잡는 손길도 피하지마
우리 약속했던 시간 놓아버리지마

이미 오래된 맘을 말해야했었는데
눈물에 잠길 널 너무나 잘 알아서
혼자 남겨질 네 맘을 지켜볼 수가 없어서
멀리 돌아온 내 맘을 이해해줘

아직은 그 말 하지 말아줘 (하지 않아도)
내게 조금만 시간을 줘 (알고 있잖아)
함께 걸어왔던 시간들이 날 해치지 않게 도와줘 

그런 눈빛으로 보지마 (미안한 맘에) 
널 잡는 손길도 피하지마 
우리 약속했던 시간 놓아버리지마 

결국 우리의 시간은 끝나겠지만 되돌릴 수 없겠지만 
그래도 아름답게 기억할게 

아직은 그 말 하지 말아줘 내게 조금만 시간을 줘
함께 걸어왔던 시간들이 날 해치지 않게 도와줘
그런 눈빛으로 보지마 널 잡는 손길도 피하지마
우리 약속했던 시간 놓아버리지마

목소리만 들어도 눈물이 날 것 같아
미안해 널 놓을 자신이 없어",media/mysingimage/images_real5/20240610039mogsolifeatjeonggigo.jpg,스웨덴세탁소
https://image.bugsm.co.kr/album/images/200/4188/418818.jpg?version=20240321164012.0,나 요즘,바닐라 어쿠스틱,나 요즘,03:16,,"널 생각하면 좋아하는 초콜릿 한 입 먹은 것 같은 기분이야
자꾸 생각나 내 머릿속엔 너야 이렇게 고장내버린 너 

널 생각하면 갖고 싶던 드림카 열 대쯤 생긴 듯한 기분이야
하루 또 하루 난 너를 향해 달려 이렇게 고장나버린 나

나 요즘 이래 나도 좀 그래 전에 알던 내가 아냐 좀 낯설어
이러지 말래 친구가 뭐래? 좋으면 그래 조금 간지러워져

널 생각하면 향기로운 퍼퓸 온몸을 감싼 듯한 기분이야
술에 취한 듯 어지러운 이 느낌 이렇게 고장내버린 너

나 요즘 이래 나도 좀 그래 전에 알던 내가 아냐 좀 낯설어
이러지 말래 친구가 뭐래? 좋으면 그래 조금 간지러워져

별 일 아닌데 별 거 아닌데 전에 없던 웃음 참 많이 늘었어
나 좋아보여 너 좋아보여 요즘 나 그래 니가 있어야만 해 

나 요즘 이래 나도 좀 그래 전에 알던 내가 아냐 좀 낯설어
나 좋아보여 너 좋아보여 요즘 나 그래 니가 있어야만 해 

오늘도 그래 니가 보고 싶어져",media/mysingimage/images_real5/20240610040nayojeum.jpg,바닐라 어쿠스틱(Vanilla Acoustic)
https://image.bugsm.co.kr/album/images/200/4115/411587.jpg?version=20221110025244.0,잊어야 한다는 게,참솜,마음거리,04:28,,"한번쯤은 난 닿을 줄 알았던
그대의 맘 어디 있는지 이젠 알겠어요
나에게 걸었던 혹시란 말도 기대도 이젠 않겠지만
보낼 줄도 알아야 하는 건데
내 마음 아직까진 어린가?
이젠 내 맘 같질 않아
 
잊겠단 이 생각은 이내 너를 불러들이고
나는 또 무너지고 이내 그대 이름 부르겠지만
이내 그대 이름 부르겠지만
그래 잊어야 한다는 게
 
한번쯤은 난 닿을 줄 알았던
길 잃은 맘 어딜 가도 맞지 않겠지만
너에게 걸었던 그 시간만큼 시간이 필요하겠지만
넌 이런 나라는 건 알까?
예전 같지 않아 
내 맘은 이미 다 멎어

날 꼭 잡아주오 
그대 내 맘 안아주오
넌 나를 꼭 바라보고
이대로 시간아 멈춰
보낼 줄도 알아야 하는 건데
이제 내 맘 같질 않아

내가 뭘 하는지도
끝이 없는 널 향한 맘도
날 가려줘 하늘별아
오늘은 못 잊어

날 꼭 잡아주오
그대 내 맘 안아주오
넌 나를 꼭 안아주오 
오늘은 잊겠단 그 말들로
그래 잊는다는 그 마음만으론",media/mysingimage/images_real5/20240610041ijeoyahandaneunge.jpg,참솜(Chamsom)
https://image.bugsm.co.kr/album/images/200/4270/427092.jpg?version=20170928024505.0,거리마다 계절마다,소울라이츠,Solace,03:33,,"함께 웃으며 걷던 
이 거리 아직 그대로네요
내 손을 꼭 쥐던 그대의 손이 
느껴질 것만 같아
사랑한 적이 없던 것처럼 지내고 싶은데
그게 참 쉽지가 않네요

하염없이 거닐어도 시간이 또 흘러도
거리마다 계절마다 그대가 남아있죠 
많은 것들이 변해가고 자꾸만 도망쳐도
나는 또다시 꿈속을 헤매요

내가 늘 놀리던 네 말버릇 
무심코 따라하다
투덜대는 네 목소리가 
왠지 들릴 것만 같아서
아직 내게 남은 네 흔적들 지우고 싶은데
그게 참 쉽지가 않네요

추억은 날 미워하나 봐요 
부지런히 괴롭히면서
그때 왜 네게 잘하지 못했냐고 
이제 와 후회하냐고 묻죠",media/mysingimage/images_real5/20240610042geolimadagyejeolmada.jpg,소울라이츠(Soulights)
https://image.bugsm.co.kr/album/images/200/4212/421227.jpg?version=20231104012155.0,오월,랄라스윗,너의세계,04:00,,"오월 너는 너무나 눈부셔 나는 쳐다볼 수가 없구나 
엄마 날 품에 안고 기뻐 눈물짓던 아주 먼 찬란했던 봄이여
세찬 울음 모두의 축복 속에서 크게 울려 퍼지고
아주 많은 기대들 모여 날 반짝이게 했지

수많은 오월 지나고 초록은 점점 녹이 슬어도 
따스했던 봄날의 환영을 기억해 나는 오월의 아이

오월 창공은 너무 높아서 나의 손엔 닿지가 않구나
우리 작은 아가는 커서 무엇이 될까 행복한 봄의 아버지였어
하나둘씩 지워져가는 도화지 위의 화려한 그림들
두 손 사이로 새어나가는 빛나는 모래알들

수많은 오월 지나고 초록은 점점 녹이 슬어도
따스했던 봄날의 환영을 기억해 나는 오월의 아이

검은 구름들 몰려와 거친 비가 내려
질퍽대는 땅 위에서 비척거렸지 난 조금은 더러워졌지만

수많은 오월 지나고 푸르지 않은 봄 마주쳐도
아주 오래전 그 날 눈부시게 빛나던 
나는 축복의, 나는 오월의 아이",media/mysingimage/images_real5/20240610043owol.jpg,랄라스윗(lalasweet)
https://image.bugsm.co.kr/album/images/200/4345/434551.jpg?version=20240321164014.0,한 번쯤 니가 먼저,바닐라 어쿠스틱,3rd Part.1 'Eudaimonia',03:29,,"오늘도 전화기를 보다 
내가 먼저 문자 답이 없는 넌 참
혹시 네 맘엔 내가 없나 
다른 사람 만나 웃고 있는 걸까

한 번쯤은 네가 먼저 내게 전화를 걸어 
먼저 웃어주면 내게 그랬으면
한 번쯤은 네가 먼저 보고 싶단 말도 
먼저 해줬으면 내게 그랬으면 

my love is so true my love is so real 
I wanna see your mind
my love is so true my love is so real 
I wanna see your mind

뭘까 네 맘을 난 몰카 하고 싶어 
내가 좋기는 한 건지
어려워 널 대하는 방법 
헷갈리면서도 왜 네게 끌리는지

한번쯤은 네가 먼저 내게 전화를 걸어 
먼저 웃어주면 내게 그랬으면
한번쯤은 네가 먼저 보고 싶단 말도 
먼저 해줬으면 내게 그랬으면 

my love is so true my love is so real 
I wanna see your mind
my love is so true my love is so real 
I wanna see your mind

조금만 더 내게 맘을 보여 
숨겨온 맘을 보여 내가 갈 수 있다면
조금만 더 내게 맘을 열어 
닫힌 그 맘을 열어 내가 갈 수 있다면

my love is so true my love is so real 
I wanna see your mind
my love is so true my love is so real 
I wanna see your mind",media/mysingimage/images_real5/20240610044hanbeonjjeumnigameonjeo.jpg,바닐라 어쿠스틱(Vanilla Acoustic)
https://image.bugsm.co.kr/album/images/200/4328/432855.jpg?version=20210706002304.0,"걷자, 집앞이야 (feat. 주예인)",스무살,"걷자, 집앞이야",03:55,보컬 스무살 피쳐링 주예인,"hey you, 지금 나와
(one step two step and three step and falling) 
I just want to be with you
너와 함께 걷고 싶어 with you
(one step two step and three step your so lovely)

one 너와 내가 함께했던 너와 내가 걸었었던
발끝에 하얀빛이 흩날릴 때
two 기다리고 기다렸던 눈물나게 아름다운 날씨는
향기마저 so beautiful so wonderful so beautiful
봄처럼 내 손잡아줄래
beautiful girl so wonderful boy
완벽한 하루니까

hey you, 지금 나와 집 앞이야
(one step two step and three step and falling)
want to be with you
너와 함께 걷고싶어 with you
(one step two step and three step your so lovely)

oh dream 한여름밤의 꿈이 아냐 너와 내가 함께 온거야
작년엔 혼자만 왔었던 이 거리에
for you 꿈꾸는 것 같아 아직 난 정말
너 so beautiful so wonderful so beautiful
봄처럼 내 손잡아줄래
beautiful girl so wonderful boy
완벽한 하루니까

hey you 지금 나와 집 앞이야 
(one step two step and three step and falling)
want to be with you
너와 함께 걷고싶어 with you
(one step two step and three step your so lovely)",media/mysingimage/images_real5/20240610045geodjajibapiyafeatjuyein.jpg,스무살
https://image.bugsm.co.kr/album/images/200/4876/487650.jpg?version=20230717152026.0,자꾸 생각나,소란,자꾸 생각나,03:51,,"지금 새벽 두 시
여긴 아침 열 시
이불을 펴고
아침을 차려
그러다가 널 생각하고

불을 끄고서
커피를 마셔
눈을 감으면
밖으로 나가
네가 너무 보고 싶어서

같은 지구에 있어도
다른 시계를 보네요

네가 자꾸 생각나
자꾸만 생각나
아침엔 
저녁에도

네 모습이 그리워
자꾸만 그리워
밤 늦게 
새벽에도


여긴 눈이 내려
여긴 지금 비와

커튼을 걷고
창문을 닫아
그러다가 널 생각하고

장갑을 끼고
우산을 펴고
눈을 밟으면
어깨가 젖어도
네가 너무 보고 싶어서

다른 계절에 있어도
같은 생각 하나요

네가 자꾸 생각나
자꾸만 생각나
비오면 비가 오면

네 모습이 그리워
자꾸만 그리워
눈 오면 눈이 오면

I don't care (no, I don't care) 
Any weather and anywhere 
I'll give you a little peace 
of mind(in any place and any time) 

And my affection 
and every little intention 
Is seeking for a sign 

'cause once 
the connection is made 
Every season
it whispers your name 
And each memory 
speaks of a place 
When we shared a time in space 
Do you recall 
the sights and the smells? 
Oh, you do? 
I remember them well 
So whether any weather 
or in the breeze 
I'm thinkin' 'bout you
do you think of me?

네가 자꾸 생각나
자꾸만 생각나
아침엔 저녁에도

네 모습이 그리워
자꾸만 그리워
밤 늦게 새벽에도

네가 자꾸만 생각나
자꾸만 생각나
비 오면 비가 오면

네 모습이 그리워
자꾸만 그리워
눈 오면 눈이 오면",media/mysingimage/images_real5/20240610046jakkusaenggagna.jpg,소란(SORAN)
https://image.bugsm.co.kr/album/images/200/5420/542071.jpg?version=20230717152028.0,Where is Love (feat. 정준일),노리플라이,Where is Love (feat. 정준일),04:13,보컬 노리플라이(no reply) 피쳐링 정준일,"Where is love
쏟아지는 사람들
거리에 물든 불빛들
모두 어딜 바삐 걷는지

Where is love
추운 몸을 기대어
서로를 향해 움츠린
그것마저 아름다운걸

나만 혼자 생각하는지
사랑 특별한 무언가 있다고
하얀 별빛을 걷는
그런 기분이라고

지루한 영화를 봐도
뻔한 노랠 들어도
그대와 함께이면 다 좋은걸

꿈꾸듯 달콤한 말로
말하지 않아도
조용히 안아줄 때
마음을 전하는
사랑, 곁을 지켜준 사람과 
함께 걷는 것

Where is love
멀리 가지 않아도
애써 찾지 않아도
언제나 늘 가까이 있는걸

불어오던 봄바람처럼
늘 네 곁에

지루한 영화를 봐도
뻔한 노랠 들어도
너와 함께이면 다 좋은걸
헤어짐은 늘 아쉽고
항상 보고 싶어
너랑 있으면 시간은 늘 먼저 가
사랑, 언제나 곁에 있어도
보고 싶은걸

표현하지 않아도
마음이 전해지는 것
따사로운 웃음에 오
그저 바라보게 돼

지루한 영화를 봐도
뻔한 노랠 들어도
그대와 함께이면 다 좋은걸

꿈꾸듯 달콤한 말로
말하지 않아도 돼
걸어왔던 모습 그대로

사랑, 언제나 곁에 있어도 
보고 싶은걸

사랑, 항상 멀지 않은 곳에 
가까이 있는 것

사랑, 곁에 그 사람과
함께 걷는 것",media/mysingimage/images_real5/20240610047WhereisLovefeatjeongjunil.jpg,노리플라이(no reply)
https://image.bugsm.co.kr/album/images/200/200483/20048359.jpg?version=20210421043749.0,여름밤에 우린,스탠딩 에그,여름밤에 우린,03:26,,"You will always be my girl
I promise you 
I will be on your side

움직이지 말아줘 
눈에 담고 있으니까 
작은 표정 하나하나 
맘에 담고 싶으니까 

꿈을 꾸는듯한 눈부신 오늘 밤 
별빛이 가득한 너의 눈을 본 순간 
난 알아버렸지 지금 우리 사이 
세상에서 가장 특별해 baby 

별이 가득한 여름밤에 우린 
눈부시게 아름다운 그림 
모든 게 다 바래고 지워져도 
간직하고 있을게 

내 눈을 보면서 너는 어떤 생각해 
나는 너를 보면서 또 너를 생각해 
넌 알 수 있겠니 지금 우리 사이 
세상에서 가장 특별해 baby 

별이 가득한 여름밤에 우린 
눈부시게 아름다운 그림 
모든 게 다 바래고 지워져도 
간직하고 있을게 

baby 누가 뭐래도 영원토록 우린 
이 세상에 하나뿐인 그림 
모든 게 다 바래고 지워져도 
간직하고 있을게

간직하고 있을게",media/mysingimage/images_real5/20240610048yeoleumbameulin.jpg,스탠딩 에그(Standing Egg)
https://image.bugsm.co.kr/album/images/200/4631/463142.jpg?version=20231222010801.0,스토커,10CM,3.0,04:12,,"나도 알아 나의 문제가 무엇인지
난 못났고 별 볼 일 없지
그 애가 나를 부끄러워 한다는 게
슬프지만 내가 뭐라고
빛나는 누군갈 좋아하는 일에 
기준이 있는 거라면
이해할 수 없지만 할 말 없는걸
난 안경 쓴 샌님이니까
내가 이렇게 사랑하는데
이렇게 원하는데
나는 아무것도 할 수 없고
바라만 보는데도
내가 그렇게 불편할까요
내가 나쁜 걸까요
아마도 내일도 그 애는 뒷모습만
 
이제 알아 나의 할 일이 무엇인지
다 포기하고 참아야 하지
저 잘 나가는 너의 남자친구처럼
되고 싶지만 불가능하지
빛나는 누군갈 좋아하는 일에
기준이 있는 거라면
이해할 수 없지만 할 말 없는걸
난 안경 쓴 샌님이니까
내가 이렇게 사랑하는데
이렇게 원하는데
나는 아무것도 할 수 없고
바라만 보는데도
내가 그렇게 불편할까요
내가 나쁜 걸까요
아마도 내일도 그 애는
나는 왜 이런 사람 이런 모습이고
이런 사랑을 하고
나는 아무것도 될 수 없고
바라만 보는데도
내가 그렇게 불편하니까
내가 나쁜 거니까
아마도 내일도 그 애는

나도 알아 나의 문제가 무엇인지",media/mysingimage/images_real5/20240610049seutokeo.jpg,10CM
https://image.bugsm.co.kr/album/images/200/5447/544788.jpg?version=20181218004252.0,Romantic Wish,바닐라 어쿠스틱,쇼파르뮤직 컴필레이션 Vol.2 [Romantic Wish],04:14,,"음~우후후
falling falling falling falling you

너의 주머니 속엔 내손
그리고 따뜻한 커피로
향기 가득한 이 겨울 속에
너 내 맘도 채운 너
 

왠지 허전한 맘에
괜히 짜증을 내봐도 언제나
내 손 잡아준 내 곁에는
니가 있어서 우우우후후~
 

겨울은 따뜻해지고
내 맘에 너는 눈처럼 내리고
밤새도록 눈도 쌓이고
차가워진 창문 위엔 그림을 그리고


새롭게 시작된 하루
오늘도 나의 소원은 너라고
항상 네 곁에 있겠다고 몇 번이고
내 겨울은 너와 함께라고 with you

가끔 지친 마음에
슬픈 표정을 보여도 언제나
내 손 잡아준 내 곁에는
니가 있어서 우우우후후~
 
겨울은 따뜻해지고
내 맘에 너는 눈처럼 내리고
밤새도록 눈도 쌓이고
차가워진 창문 위엔 그림을 그리고


새롭게 시작된 하루
오늘도 나의 소원은 너라고
항상 네 곁에 있겠다고
몇 번이고 내 겨울은 너와 함께라고 with you

with you~~ 나~~
내 곁에 잠든 널 보며
love you love you~~
I~ always I love with you

 
겨울은 따뜻해지고
내 맘에 너는 눈처럼 내리고

yeah~ yeah~~~
 
시간이 우릴 지나도
언제나 나의 사람은 너라고
항상 네 곁에 있겠다고
몇 번이고 내 겨울은 너와 함께라고 with you",media/mysingimage/images_real5/20240610050RomanticWish.jpg,바닐라 어쿠스틱(Vanilla Acoustic)
https://image.bugsm.co.kr/album/images/200/200866/20086632.jpg?version=20210421044055.0,바램,정준일,더 아름다운 것,04:49,보컬 정준일 작곡 정준일 작사 정준일 전체 보기,"그대를 만나지 않길 바래요
오늘도 나 다짐 했어요

나만큼만 아니 나보다 조금 
아팠으면 난 좋겠어요
우리 이렇게 될 거라면
우리 이렇게 헤어질 거라면
그대 내게 보여준 꿈과 믿음
아무것도 아닌가요?

왜 나를 미워하게 됐는지 
다른 누군갈 사랑하는지 
그래도 한번은 날 사랑했잖아
묻고 싶은 말들이 많고 많은 걸요

처음부터 헤어질 걸 알았다면
처음부터 사랑하지 말걸
이별은 늘 익숙하고 어려워 
난 못난 사람인가 봐요

나 없이도 행복한가요?
내가 없는 하루는 어떤가요?
지루하고 외로운 날들이죠
가끔은 울기도해요
왜 나를 미워하게 됐는지 
다른 누군갈 사랑하는지 
그래도 한번은 날 사랑했잖아
묻고 싶은 말이 많은데

다시 사랑할 수 없다 해도 
그저 한번만 보고 싶어요
난 이제 무엇도 기대하지 않아요

잘해주지 못해 미안했던 것만
왜 이렇게 가슴에 남아

다시 사랑할 수 없다 해도 
그저 한번만 보고 싶어요
난 어쩌죠",media/mysingimage/images_real5/20240610051balaem.jpg,정준일
https://image.bugsm.co.kr/album/images/200/201025/20102564.jpg?version=20210114172006.0,남이 될 수 있을까,볼빨간사춘기,남이 될 수 있을까,03:14,"보컬 볼빨간사춘기 , 스무살 작곡 바닐라맨 작사 바닐라맨 전체 보기","쉴 새 없이 울려 대던 내 전화기는 잠잠해져 가
할 말을 잃은 것 같아
정신없이 쏟아내던 그 모진 말들 주워 담지는 못해
아마 날 떠날 것 같아
 
난 너를 지울 수 있을까
그저 한순간에 우린 남이 될 수 있을까
쉽지 않을 걸 알지만 좋았던 날도 많았지만
되돌리기엔 멀리 와 버린 걸까
난 너를 지울 수 있을까
우린 남이 될 수 있을까
 
눈물조차 흐르지 않아 홧김에 던져 망가진 내 폰
마치 날 보는 것 같아
예전과 달리 잦아진 끝이 없는 듯한 감정싸움에
이제 난 지친 것 같아
 
난 너를 지울 수 있을까
그저 한순간에 우린 남이 될 수 있을까
쉽지 않을 걸 알지만 좋았던 날도 많았겠지만
되돌리기엔 멀리 와 버린 걸까
 
괜찮은 척해도 먹먹해진 기분은
진해져만 가 떨쳐내려 괜히 웃어보아도
숨길 수 없는 걸 이별이 오는 걸
우리의 시간은 멈춰버린걸
 
난 너를 지울 수 있을까
우린 남이 될 수 있을까

난 너를 지울 수 있을까
그저 한순간에 우린 남이 될 수 있을까
 
쉽지 않을 걸 알지만 좋았던 날도 많았지만
되돌리기엔 멀리 와 버린 걸까
난 너를 지울 수 있을까
우린 남이 될 수 있을까
 
We loved We loved We loved
We loved We loved We loved",media/mysingimage/images_real5/20240610052namidoelsuisseulkka.jpg,볼빨간사춘기
https://image.bugsm.co.kr/album/images/200/201771/20177114.jpg?version=20220324005641.0,동화,멜로망스,The Fairy Tale,03:47,보컬 멜로망스(MeloMance) 작곡 멜로망스(MeloMance) 작사 김민석 전체 보기,"너의 마음속 내 모습들
언젠가 얘기해줬을 때
듣고 있는 날엔 어느새
날 위한 이야긴 듯해
너의 마음이 아니면
들을 수 없을 내 얘기들
네 안에 그려진 내 모습이
그저 고마울 뿐이야
너를 위한 이야기로 있어줄게
언제나 네 옆에서 힘이 돼줄게
항상 너만의 예쁜 이야기로
네 옆에 남아 있을게
우리가 나눈 시간 위에
그린 서로의 모습들이
앞으로의 우리에 대해
믿을 수 있게 하는 듯해
너의 마음이 아니면
볼 수 없었을 내 모습들
너도 몰랐었던 네 모습을
너에게 들려줄게
너를 위한 이야기로 있어줄게
언제나 네 옆에서 힘이 돼줄게
항상 너만의 예쁜 이야기로
네 옆에 남아 있을게
서로의 마음속에 그려 왔었던
우리라는 그림들을
서로 나누고 있었을 때
지킬 수 있을 미래가 돼
항상 너만의 예쁜 이야기로
네 옆에 남아있을게
너를 위한 이야기로 있어줄게
언제나 네 옆에서 힘이 돼줄게
항상 너만의 예쁜 이야기로
네 옆에 남아 있을게
널 향한 맘을 나 항상
지킬게",media/mysingimage/images_real5/20240610053donghwa.jpg,멜로망스(MeloMance)
https://image.bugsm.co.kr/album/images/200/8920/892073.jpg?version=20240223041651.0,오늘도 빛나는 너에게 (To You My Light) (Feat.이라온),마크툽,Red Moon : To You My Light,04:25,보컬 마크툽(MAKTUB) 작곡 마크툽(MAKTUB) 작사 마크툽(MAKTUB) 전체 보기,"별빛이 내린 밤
그 풍경 속 너와 나
날 새롭게 하는
따뜻하게 만드는
니 눈빛 니 미소
영원히 담아둘게
너로 가득한 맘
널 닮아가는 나
날 위한 선물
꿈보다 더 아름다운
서로의 품에서
끝 없는 밤을 걷자
나의 모든 날들을 다 주고싶어
내 이 맘을 모두 전하고 싶어
잠들지 못한
푸른 바람들
이렇게 밝게 이 밤을 비춰
너와 작은 일상을 함께 하는게
내 가장 큰 기쁨인걸 넌 알까
내 세상 속에
넌 빛이 되어
지금 모습 그대로 내 곁에만
행복이 짙은 날
어둠이 없는 밤
같은 맘 속에
같은 꿈이 피어난 건
우리의 정해진
운명이 맞닿은거야
나의 모든 날들을 다 주고싶어
내 이 맘을 모두 전하고 싶어
잠들지 못한
푸른 바람들
이렇게 밝게 이 밤을 비춰
너와 작은 일상을 함께 하는게
내 가장 큰 기쁨인걸 넌 알까
내 세상 속에
넌 빛이 되어
지금 모습 그대로 내 곁에만
내게 온 너란 빛이 눈 부셔도
네 앞에서 한 순간도 눈 감지 않아
다가올 시간도
계절의 바람도
널 데려가지 못하게
내가 더 좋은 사람이 되고 싶어
더 아름답게 널 안을 수 있게
잠들지 못한
잠들 수 없는
바람들이 널 부르고 있어
언제까지나 너와 함께 할거야
내 마지막 숨결도 너일거야
내 세상 속에
넌 빛이 되어
지금 모습 그대로 내 곁에만
이렇게 밝게 이 밤을 비춰",media/mysingimage/images_real5/20240610054oneuldobichnaneunneoegeToYouMyLightFeatilaon.jpg,마크툽(MAKTUB)
https://image.bugsm.co.kr/album/images/200/2407/240709.jpg?version=20220706004959.0,가끔 미치도록 네가 안고 싶어질 때가 있어,가을방학,가을방학,04:03,,"만약이라는 두 글자가 오늘 내 맘을 무너뜨렸어
어쩜 우린 웃으며 다시 만날 수 있어 그렇지 않니?

음악을 듣고 책을 읽고 영화를 보고 사람들을 만나고
우습지만 예전엔 미처 하지 못했던 생각도 많이 하게 돼

넌 날 아프게 하는 사람이 아냐
수없이 많은 나날들 속을
반짝이고 있어 항상 고마웠어
아무도 이해할 수 없는 얘기겠지만
그렇지만 가끔 미치도록 네가 안고 싶어질 때가 있어
너 같은 사람은 너 밖에 없었어
마음 둘 곳이라곤 없는 이 세상 속에",media/mysingimage/images_real5/20240610055gakkeummichidolognegaangosipeojilttaegaisseo.jpg,가을방학
https://image.bugsm.co.kr/album/images/200/200342/20034282.jpg?version=20210421043646.0,오늘,오왠,When I Begin,03:52,"보컬 오왠(O.WHEN) 작사 오왠(O.WHEN) , 백수진","새벽 4시 잠들지 않아
돌아갈 수 없는 시간들을 생각하곤 해
습관처럼 마음이 아려와
집으로 가는 길은 자꾸만 멀어지는데
저만치 멀어지는 찾을 수 없는 잡을 수 없는
Take it easy 나만 왜 이렇게 힘든 건가요
오늘밤이 왜 오늘의 나를 괴롭히죠
아무것도 한게 없는 하루인데
나는 왜 이렇게 눈치만 보고 있는 건지
아쉬움은 나를 찾아 다가오네
창문 밖은 벌써 따뜻한데
Take it easy 나만 왜 이렇게 힘든 건가요
오늘밤이 왜 오늘의 나를 괴롭히죠
한번만 다시 또 일어설 수 있나요 음음음
오늘도 슬픔에 잠겨 밤을 지우고 있나요
Take it easy 나만 왜 이렇게 힘든 건가요
오늘밤이 왜 오늘의 나를 괴롭히죠
Take it easy 왜 오늘의 나를 괴롭히죠",media/mysingimage/images_real5/20240610056oneul.jpg,오왠(O.WHEN)
https://image.bugsm.co.kr/album/images/200/6033/603392.jpg?version=20190515012407.0,홍연,안예은,안예은,04:30,보컬 안예은 작곡 안예은 작사 안예은,"세상에 처음 날 때 인연인 사람들은
손과 손에 붉은 실이 이어진 채 온다 했죠
당신이 어디 있든 내가 찾을 수 있게
손과 손에 붉은 실이 이어진 채 왔다 했죠
눈물진 나의 뺨을 쓰담아 주면서도
다른 손은 칼을 거두지 않네 또 다시 사라져
산산이 부서지는 눈부신 우리의 날들이
다시는 오지 못할 어둠으로 가네
아아 아아아 아아아
고운 그대 얼굴에 피를 닦아주오
나의 모든 것들이 손대면 사라질 듯
끝도 없이 겁이 나서 무엇도 할 수 없었다 했죠
아픈 내 목소리에 입맞춰 주면서도
시선 끝엔 내가 있지를 않네 또 다시 사라져
아득히 멀어지는 찬란한 우리의 날들이
다시는 오지 못할 어둠으로 가네
산산이 부서지는 눈부신 우리의 날들이
다시는 오지 못할 어둠으로
당신은 세상에게 죽고 나는 너를 잃었어
돌아올 수가 없네 다시 돌아올 수가 없네
아아 아아아 아아아
고운 그대 얼굴에 피를 닦아주오",media/mysingimage/images_real5/20240610057hongyeon.jpg,안예은
https://image.bugsm.co.kr/album/images/200/5928/592831.jpg?version=20230717152033.0,너를 보네 (feat. 권정열 of 10cm),소란,CAKE,03:28,보컬 소란(SORAN) 피쳐링 권정열 작곡 고영배 전체 보기,"너를 보네 
너를 보네 오늘도
까만 머리 하얀 운동화

나를 보네 
난 아무렇지 않은 척 
웃고 인사 그리고 지나치지만

사실은 요즘 매일 
네 생각해
우리가 연애한다면
만약에 고백한다면

그리고 요즘 제일 많이 궁금한 건 
혹시 너도 가끔씩은 내 생각하는지

I'm falling in love with you
하루 종일 그대만 생각해
You're falling in love with me
틈나면 너도 나 좀 생각해

그대(그대) 오늘(오늘) 내게(내게)
내게로 와준다면
나는(나는) 이제(이제) 너만(너만)
바라보고 싶은데

너를 보내
너를 보내 오늘도
붙잡지도 아무 얘기도

나는 못해
또 멀어지는 뒷모습
하고 싶은 말이 많았었는데

아니면 몇 가지만
묻고 싶어
어떤 걸 좋아하는지
혹시 그 영화는 봤는지

그리고 너도 나처럼
무서운 건 못 보는지
같이 영화 보고 싶다 진짜

I'm falling in love with you
하루 종일 그대만 생각해
You're falling in love with me
틈나면 너도 나 좀 생각해

I'm falling in love with you
You're falling in love with me
I'm falling in love with you
You're falling in love with me

I'm falling in love with you
하루 종일 그대만 생각해
You're falling in love with me
틈나면 너도 나 좀 생각해

그대(그대) 오늘(오늘) 내게(내게)
내게로 와준다면
나는(나는) 이제(이제) 너만(너만)
바라보고 싶은데

I'm falling in love 
You're falling in love 
I'm falling in love 
You're falling in love",media/mysingimage/images_real5/20240610058neoleulbonefeatgwonjeongyeolof10cm.jpg,소란(SORAN)
https://image.bugsm.co.kr/album/images/200/200571/20057140.jpg?version=20220221175014.0,서로의 조각 (with 기리보이),프롬,Erica,03:32,보컬 프롬(Fromm) 피쳐링 기리보이,"마주 잡은 손을 기억해
나의 의미는 너에게만 있어
바라보는 눈빛 그 아래
너의 의미는 나에게만 있어

너의 모든 것은 다 나에게로 와
까만 오늘의 닿은 의미가 돼
너의 모든 것은 다 나에게로 와
빈 어딘가의 한 조각이 되어

우리만의 성을 지을래
슬픈 눈물은 다 마실게
날 위한 창을 내줄래
매일 문을 나서는 그댈 바라보게

방안 가득 널 위한 노래
나의 의미는 너에게만 있어
오고 가는 수많은 표정 속에
너의 의미는 나에게만 있어

우연뿐인 매일매일에 널 위해 추는 춤
그리워질 내일 내일에 널 위해 그리는 꿈

너의 모든 것은 다 나에게로 와
까만 오늘의 닿은 의미가 돼
너의 모든 것은 다 나에게로 와
빈 어딘가의 한 조각이 되어

우리만의 성을 지을래
슬픈 눈물은 다 마실게
날 위한 창을 내줄래
매일 문을 나서는 그댈 바라보게

마주 잡은 손을 기억해
나의 의미는 너에게만 있어
바라보는 눈빛 그 아래
너의 의미는 나에게만 있어 
방안 가득 널 위한 노래

나의 의미는 너에게만 있어
오고 가는 수많은 표정 속에
너의 의미는 나에게만 있어",media/mysingimage/images_real5/20240610059seolouijogagwithgiliboi.jpg,프롬(Fromm)
https://image.bugsm.co.kr/album/images/200/2476/247676.jpg?version=20240223040140.0,요즘 너 말야,제이레빗,Take One,03:33,,"요즘 너 말야 참 고민이 많아
어떻게 해야 할 지 모르겠나 봐
언제나 함께하던 너의 노래가
이제 들리지가 않아
사실 넌 말야 참 웃음이 많아
누가 걱정하기 전에 툭툭 털고 일어나
해맑은 미소로 날 반겨 줄 거잖아
쉬운 일은 아닐 거야
어른이 된다는 거 말야
모두 너와 같은 마음 이야
힘을 내보는 거야
다시 너로 돌아가
이렇게 희망의 노랠 불러 새롭게
널 기다리는 세상을 기대해봐
다시 달려가 보는 거야
힘이 들고 주저 앉고 싶을 땐 이렇게
기쁨의 노랠 불러 씩씩하게
언젠가 모두 추억이 될 오늘을
감사해 기억해 힘을 내 MY FRIEND
쉬운 일은 아닐 거야
어른이 된다는 거 말야
모두 너와 같은 마음 이야
힘을 내보는 거야
다시 너로 돌아가
이렇게 희망의 노랠 불러 새롭게
널 기다리는 세상을 기대해봐
다시 달려가 보는 거야
힘이 들고 주저 앉고 싶을 땐 이렇게
기쁨의 노랠 불러 씩씩하게
언젠가 모두 추억이 될 오늘을
감사해 기억해 힘을 내 MY FRIEND
우우우우우 우우우우우
널 위한 세상을 기대해
힘이 들고 주저 앉고 싶을 땐 이렇게
기쁨의 노랠 불러 씩씩하게
언젠가 모두 추억이 될 오늘을
감사해 기억해 힘을 내 MY FRIEND",media/mysingimage/images_real5/20240610060yojeumneomalya.jpg,제이레빗(J Rabbit)
https://image.bugsm.co.kr/album/images/200/200044/20004465.jpg?version=20181225003039.0,접속,김사월,수잔,04:24,보컬 김사월 작곡 김사월 작사 김사월 전체 보기,"같은 곳에서 같은 속도로 
심장이 뛴다면 
당신의 꿈속으로 
접속할 수도 있겠죠
작고 여린 당신 등에 
나의 심장을 포개고 
당신의 꿈속으로 
신호를 맞춰 봤어요

내 못난 마음 꿈에서는 
다 용서해 주세요
내 못난 마음 꿈에서는 
다 용서해 주세요
너와 함께라면 
내 인생도 빠르게 지나갈 거야

울고, 웃고, 떠드는 
따뜻한 밤이 지나면 
당신은 야단맞는 곳으로 
돌아가겠죠
아침은 두려워요 
텅 빈 공기 속의 누에고치 
당신의 꿈속으로 
신호를 맞춰 봤어요

내 못난 마음 꿈에서는 
다 용서해 주세요
내 못난 마음 꿈에서는 
다 용서해 주세요
내 못난 마음 꿈에서는 
다 용서해 주세요
내 못난 마음 꿈에서는 
다 용서해 주세요
너와 함께라면 내 인생도 
빠르게 지나갈 거야
너와 함께라면 내 인생도 빠르게",media/mysingimage/images_real5/20240610061jeobsog.jpg,김사월
https://image.bugsm.co.kr/album/images/200/4135/413540.jpg?version=20231222003755.0,겨울을 걷는다,윤딴딴,반오십,04:38,,"벌써 몇달짼가
너 만난다는 그 사람 얘길 들었어
아마 뭔 일이 있었나 저쨌나
떠들어대던 심보가
이젠 여기까지 발동해서 널
떠올리게 됐나봐
또 어쩌다 친구들에게
그 시절 얘길 들어도
내가 한 마디 못한 너를
멋대로 막돼먹게 말을 맘대로 막해
막 때리지도 못해 내 자신을
난 그게 문제였어

너와 이별에
난 버린 것이 많고
찾을 것이 많고
가는 마음마다 머물지를 잘 못해
사랑했던 시간 널 좋아했던
그 많은 아픈 날을 걸었네
너와 이별은
또 많은 날을 울게 만들었어
이젠 모두 지난 얘기지만
시간이 지난 난
처음 널 만났던
그 겨울 속을 걸어가

눈물없인 볼 수 없다던
한참 인기 많은 영화를 봤어
아마 주인공이 죽었나 저쨌나
떠들어대는 사람들
아마 둘은 다신 볼 수 없었지
그건 영화이니까
오 내 주변에 여자가 많단 그런
헛소릴 듣고 웃을 때가 아니야
아니 왜 내 얘길 내가 맘대로 못해
변명도 못해 남탓도 못해
암말도 못해 웃어 이자식이
난 그게 재미없어

너와 이별에
난 버린 것이 많고
찾을 것이 많고
가는 마음마다 머물지를 잘 못해
사랑했던 시간 널 좋아했던
그 많은 아픈 날을 걸었네
너와 이별은
또 많은 날을 울게 만들었어
이젠 모두 지난 얘기지만
시간이 지난 난
처음 널 만났던
그 겨울 속을 걸어가

걷다보면 시간이 말하겠지
그 겨울 속을 걸어가
걷다보면 마음이 말해주겠지

너와 이별은
참 버린 것이 많던
찾을 것이 많던
가는 마음 따라 흘러갔던 시간이
내게 줬던 아픈 힘들었었던
모든 걸 참으라고 말했네
너와 이별은
더 꺼내지도 않는 말이 돼버린걸
이젠 모두 지난 얘긴거야
시간이 지난 난
시간이 지난 난
그 겨울 속을 걸어가",media/mysingimage/images_real5/20240610062gyeouleulgeodneunda.jpg,윤딴딴
https://image.bugsm.co.kr/album/images/200/4431/443154.jpg?version=20230315011616.0,Marry Me,마크툽,마크툽 프로젝트 Vol.03,04:21,,"비내리는 날엔
우산이 돼주고
어둠이 오면 빛이 돼줄게
추운 겨울이면
난로가 돼주고
더운 날엔 바람이 될게
잠이 들 때까지 머릴 만져줄게
니가 두려울 때마다 꼭 옆에 있어줄게
갑작스런 맘에 문득 떠나고 싶으면
내일 무슨 일이 있어도 함께 떠나줄게
Marry Me
내 손 잡아줄래요
Marry Me
나와 평생 함께 할래요
남은 나의 모든 삶.
오직 그대 남자로 살고 싶어요
Marry Me darling
나와 결혼해줄래요
순간뿐이 아냐 많이 생각했어
헌데 내 사랑을 줄 수 있는 여잔
너밖에 없어
차갑고 어두운 험하고 쓸쓸한 세상 속
평생의 동반자로 함께 걸어가고 싶어
Marry Me
내 손 잡아줄래요
Marry Me
나와 평생 함께 할래요
남은 나의 모든 삶.
오직 그대 남자로 살고 싶어요
Marry Me darling
나와 결혼해줄래요
내 안에 숨쉬는 아름 다운 그대
영원히 같은 꿈을 꾼다면 얼마나 좋을까
믿어요 Marry Me
그대와 함께 하는 매일이
내겐 천국이죠
나와 결혼해줄래요
비내리는 날엔
우산이 돼주고
어둠이 오면 빛이 돼줄게",media/mysingimage/images_real5/20240610063MarryMe.jpg,마크툽(MAKTUB)
https://image.bugsm.co.kr/album/images/200/200131/20013134.jpg?version=20210421043520.0,"아직, 있다.",루시드폴,"누군가를 위한,",03:32,,"4. 아직, 있다.
 
친구들은 지금쯤 
어디에 있을까 
축 처진 어깨를 하고
교실에 있을까 

따뜻한 집으로
나 대신 돌아가줘
돌아가는 길에 
하늘만 한 번 봐줘
 
손 흔드는 내가 보이니 
웃고 있는 내가 보이니 
나는 영원의 날개를 달고 
노란 나비가 되었어 

다시 봄이 오기 전 
약속 하나만 해주겠니 
친구야,
무너지지 말고 
살아내 주렴
 
꽃들이 피던 날
난 지고 있었지만 
꽃은 지고 사라져도 
나는 아직 있어
 
손 흔드는 내가 보이니 
웃고 있는 내가 보이니 
나는 영원의 날개를 달고 
노란 나비가 되었어 

다시 봄이 오기 전 
약속 하나만 해주겠니 
친구야,
무너지지 말고 
살아내 주렴",media/mysingimage/images_real5/20240610064ajigissda.jpg,루시드폴
https://image.bugsm.co.kr/album/images/200/2712/271290.jpg?version=20220722012026.0,go,루싸이트 토끼,self,03:00,,"GO! NOW! No time to choose shoes
GO! NOW! Don't hold off no more
GO! NOW! What you believe is right so
GO! NOW! Then you'll realize

Everything is fine
Do you feel safe now?
Can you dive
in to the world?
Your time is now
Just give it a go
with your big smile

GO! NOW! No time to choose shoes
GO! NOW! Don't hold off no more
GO! NOW! What you believe is right so
GO! NOW! Then you'll realize

Everything is fine
Do you feel safe now?
Can you dive
in to the world?
Your time is now
Just give it a go
with your big smile

(Everything is fine
Do you feel safe now?
Can you dive
in to the world?
Your time is now
Just give it a go
with your big smile)",media/mysingimage/images_real5/20240610065go.jpg,루싸이트 토끼
https://image.bugsm.co.kr/album/images/200/3500/350099.jpg?version=20240321164006.0,대화가 필요해,바닐라 어쿠스틱,대화가 필요해,04:05,,"또 왜 그러는데 뭐가 못마땅한데 
할 말 있으면 터놓고 말해봐 

너 많이 변했어 (내가 뭘 어쨌는데) 
첨엔 안 그랬는데 (첨에 어땠었는데) 
요새는 내가 하는 말투랑 
화장과 머리 옷 입는 것까지 
다 짜증나나봐 (그건 네 생각이야) 

우리 서로 사랑한지도 어느덧 10개월 
매일 보는 얼굴 싫증도 나겠지 
나도 너처럼 나 좋다는 사람 많이 줄 섰어 
(간다는 사람 잡지 않아 어디 한 번 잘해봐) 
근데 그놈의 정이 뭔지 내 뜻대로 안돼 
맘은 끝인데 몸이 따르질 않아 
아마 이런 게 사랑인가봐 널 사랑하나봐 
(지금부터 내 말을 들어봐)

넌 집착이 심해 (그건 집착이 아냐) 
나를 너무너무 구속해 (그럼 너도 나를 구속해) 
우리 결혼한 사이도 아닌데 
마치 와이프처럼 모든 걸 간섭해 

너의 관심 끌고 싶어서 내 정든 긴 머리 
짧게 치고서 웨이브 줬더니 
한심스러운 너의 목소리 나이 들어 보여 
(난 너의 긴 머리 때문에 너를 좋아했는데) 
네가 너무 보고 싶어서 전화를 걸어 
날 사랑하냐고 물어봤더니 
귀찮은 듯한 너의 목소리 나 지금 바빠
(듣고 보니 내가 너무 미안해) 
대화가 필요해 (이럴 바엔 우리 헤어져) 
내가 너를 너무 몰랐어 (그런 말로 넘어가지마) 
항상 내 곁에 있어서 
너의 소중함과 고마움까지도 다 잊고 살았어 

대화가 필요해 우린 대화가 부족해 
서로 사랑하면서도 사소한 오해 
맘에 없는 말들로 
서로 힘들게 해 (너를 너무 사랑해) 
대화가 필요해",media/mysingimage/images_real5/20240610066daehwagapilyohae.jpg,바닐라 어쿠스틱(Vanilla Acoustic)
https://image.bugsm.co.kr/album/images/200/5855/585591.jpg?version=20231018181922.0,나만 안되는 연애,볼빨간사춘기,Full Album RED PLANET,03:39,,"왠지 오늘따라 마음이 아픈지 했더니
오늘은 그대가 날 떠나가는 날이래요
왜 항상 나는 이렇게 외로운 사랑을 하는지
도무지 이해가 안가는 이상한 날이에요
 
왜 그랬는지 묻고 싶죠 
날 사랑하긴 했는지
그랬다면 왜 날 안아줬는지 
그렇게 예뻐했는지
 
나만 이런 세상을 살고 있는 것 같아요
바라보기만 하다 포기할 수는 없겠죠
근데도 이렇게 아픈 마음만 가지고 사는 건
도무지 불공평해서 견딜 수가 없어요
 
Please come back to me
Yeah yeah umm yeah
 
왠지 오늘만은 그렇게 보내기 싫은지
오늘은 그대와 나 마지막인가 봐요
왜 항상 나는 이렇게 아무 말도 못하는지
도무지 이해가 안가는 이상한 날이에요
 
시작부터 사랑하지 않았다고 
내게 말했었다면
그랬다면 나의 마음은 
이렇게 굳게 닫혔을까요
 
나만 이런 세상을 살고 있는 것 같아요
바라보기만 하다 포기할 수는 없겠죠
근데도 이렇게 아픈 마음만 가지고 사는 건
도무지 불공평해서 견딜 수가 없어요
 
Please come back to me 
(그대는 아무렇지 않겠죠)
Please come back to me 
(내 눈물로 더 이상 붙잡을 수는 없겠죠)
Yeah Oh 
(근데도 이렇게)
(아픈 마음만 가지고 사는 건)
(도무지 불공평해서 견딜 수가 없어요)
 
Please come back to me
Yeah yeah umm yeah
 
Please come back to me
Yeah yeah umm yeah
 
나는 사실 이성적인 게 참 싫어요
그래서 우린 헤어져야만 했으니까
아무렇지 않게 살아가도
매일 밤이 고통스럽겠죠
그대가 정이 많은 사람이었다면
날 안아주진 않았을까요?",media/mysingimage/images_real5/20240610067namanandoeneunyeonae.jpg,볼빨간사춘기
https://image.bugsm.co.kr/album/images/200/200193/20019310.jpg?version=20231026051418.0,그녀에게,수상한 커튼,수상한 커튼 정규 3집 '수상한 커튼의 일년',03:56,,"이게 나인걸 초라해 보여도 
거울 속 내게 가끔은 혼잣말
멍하니 홀로 바라보는 풍경
낯선 일 향해 조용히 혼잣말

내 앞에 나와 날 어루만져줘
상상속에만 널 두기엔 내 맘이 아프잖아
내 곁에 서서 나를 안아줘
너의 숨결을 내가 느낄 수 있게

이게 나인걸 초라해 보여도
거울 속 내게 가끔은 혼잣말

내 앞에 나와 날 어루만져줘
상상속에만 널 두기엔 내 맘이 아프잖아
내 곁에 서서 나를 안아줘
너의 숨결을 내가 느낄 수 있게

들리니 너와나 함께 숨쉬는 이 곳에서
나의 맘을 담아 부르는 노래

내 앞에 나와 날 어루만져줘
상상속에만 널 두기엔 내 맘이 아프잖아
내 곁에 서서 나를 안아줘
너의 숨결을 내가 느낄 수 있게

이게 나인걸",media/mysingimage/images_real5/20240610068geunyeoege.jpg,수상한 커튼
https://image.bugsm.co.kr/album/images/200/2414/241470.jpg?version=20211216022042.0,꼭 이만큼만,캐스커,tender,03:22,,"꼭 이만큼 이만큼만 너도 날 미워하기를
나처럼 나처럼만 너도 날 미워하기를

미안해 어쩔 수 없잖아 미워할 수밖에 없잖아
이렇게 널 보내주려면 천천히 터벅터벅 사랑은 끝을 향해 가네

다시 돌아올 수 없는 길을 걸어가네
내가 널 미워할 수 있을까

서슴없이 성큼성큼 사랑은 끝을 향해 가네
이제 두 번 다시 돌아오지 않을 길을

꼭 이만큼 이만큼만 잊은 채 살 수 있기를
미안해 어쩔 수 없잖아 그리워 해도 소용없잖아 

이제 널 잊어야 한다면
천천히 터벅터벅 사랑은 끝을 향해 가네
다시 돌아올 수 없는 길을 걸어가네

난 널 잊어버릴 수 있을까 서슴없이 성큼성큼
사랑은 끝을 향해 가네
이제 두 번 다시 돌아오지 않을 길을 

천천히 터벅터벅 사랑은 끝을 향해 가네
다시 돌아올 수 없는 길을 걸어가네

서슴없이 성큼성큼 사랑은 끝을 향해 가네
이제 두 번 다시 돌아오지 않을 길을

이제 뒷모습도 내게는 보이지 않네
꼭 이만큼 이만큼만",media/mysingimage/images_real5/20240610069kkogimankeumman.jpg,캐스커(Casker)
https://image.bugsm.co.kr/album/images/200/4925/492520.jpg?version=20231130012347.0,행복의 주문,커피소년,힘내,03:24,,"버스에서 택시에서 자가용안에서 
주방에서 혹은 야근하고 있나요

어깨는 축 쳐지고 다리는 쑤셔오고
머리는 천근만근 마음도 누르는데 

내 속삭임으로 행복의 주문 걸어 
그대 맘을 밝혀줄게요

따라하면 돼요
카운트 해줄게요
어렵지 않아요

단순하긴해도
힘이 될거에요
행복의 주문 하나 둘 셋 넷

행복해져라 행복해져라
행복해져라 행복해져라

행복해져라 행복해져라
행복해져라 행복해져라

우울한 사람도
지친 사람들도

행복해져라 행복해져라
행복해져라 행복해져라

따라하면 돼요
카운트 해줄게요
어렵지 않아요

단순하긴해도
힘이 될거에요
행복의 주문 하나 둘 셋 넷

행복해져라 행복해져라
행복해져라 행복해져라

행복해져라 행복해져라
행복해져라 행복해져라

우울한 사람도
지친 사람들도

행복해져라 행복해져라
행복해져라 행복해져라

행복해져라 행복해져라
행복해져라 행복해져라

행복해져라 행복해져라
행복해져라 행복해져라

우울한 사람도
지친 사람들도

행복해져라 행복해져라
행복해져라 행복해져라

버스에서 택시에서 자가용안에서 
주방에서 혹은 야근하고 있나요

모두 떠난 사무실에 홀로 앉아 
한숨 쉬며 늦게까지 끙끙대나요

사랑은 언제 해봤는지
외로움에 답답함에
오늘도 그냥 버텨내나요 

내 속삭임으로 행복의 주문 걸어 
그대 맘을 밝혀줄게요

행복해져라 행복해져라 
행복해져라 행복해져라
행복해져라 행복해져라 
행복해져라 행복해져라",media/mysingimage/images_real5/20240610070haengboguijumun.jpg,커피소년
https://image.bugsm.co.kr/album/images/200/3256/325695.jpg?version=20230717152016.0,미쳤나봐 (With 권정열 Of 10cm),소란,natural,03:52,"보컬 소란(SORAN) , 권정열","얘기해 필요하면 다 사줄게
괜찮아 안 힘들어 갔다 올게
 
하루 종일 내가
하루 종일 내가
 
언제든 배고프면 다 해줄게
가만히 앉아있어 먹여줄게
 
하루 종일 내가
하루 종일 내가
 
사랑해서 그래
나를 좋아해줘 baby
 
내가 원래 그래
나를 칭찬해줘 everyday
 
너한테만 그래
나를 예뻐해줘 baby
 
오직 너에게만
나는 진짜 정말
 
미쳤나 봐 미쳤나 봐 
난 너에게 잡혀 묶였나 봐
너에게만 너에게만 
난 너에게 꽂혀서 박혔나 봐
 
 혼자 있고 싶다면 사라질게
말만 해 원한다면 죽어줄게
 
하루 종일 내가
하루 종일 내가
 
사랑해서 그래
나를 좋아해 줘 baby
 
내가 원래 그래
나를 칭찬해줘 everyday
 
너한테만 그래
나를 예뻐해 줘 baby
 
오직 너에게만
나는 진짜 정말
 
미쳤나 봐 미쳤나 봐 
난 너에게 잡혀 묶였나 봐
너에게만 너에게만 
난 너에게 꽂혀서 박혔나 봐
 
어쩌려고 (요즘에 넌)
어쩌려고 (뭐하냐고)
어쩌려고 그렇게 좋아서 뭘 어쩌려고
 
어쩌라고 (이렇게 난)
어쩌라고 (너에게만)
어쩌라고 이렇게 좋은데 나 미쳤나봐
 
미쳤나 봐 미쳤나 봐 
난 너에게 잡혀 묶였나 봐
너에게만 너에게만 
난 너에게 꽂혀서 박혔나 봐",media/mysingimage/images_real5/20240610071michyeossnabwaWithgwonjeongyeolOf10cm.jpg,소란(SORAN)
https://image.bugsm.co.kr/album/images/200/5687/568771.jpg?version=20230717152030.0,꽃길만 걷게 해줄게,데이브레이크,WITH,03:50,,"딱 걸렸어 널 보는 내 눈빛이
무심한 척 잘 숨겨왔었는데 오 예

너 땜에 잠도 못 자고
너 땜에 밤새 설레는데
이제는 솔직히 말해볼래 (딱 떨어지는)

꽃길만 걷게 해줄게
네 맘에 쏙 들게 할게
널 알게 된 순간부터
내 머릿속엔 온통 너뿐이야
항상 널 웃게 해줄게
오랫동안 느껴왔어 누구보다
딱 딱 떨어지는
딱 딱 딱 딱 떨어지는 우리

딱 알겠어 날 보는 네 눈빛이
혹시 너도 바라고 있던 거야? 오 예

나 때문에 잠 못 들지 마
나 때문에 고민하지도 마
이제는 너만 바라볼게 All Right?
(딱 떨어지는)

꽃길만 걷게 해줄게
네 맘에 쏙 들게 할게
널 알게 된 순간부터
내 머릿속엔 온통 너뿐이야
항상 널 웃게 해줄게
오랫동안 느껴왔어 누구보다
딱 딱 떨어지는
딱 딱 딱 딱 떨어지는 우리

꽃길만 걷게 해줄게

그 길을 같이 걸을래
매일 널 설레게 할래
널 알게 된 순간부터
말하지 못한 아껴왔던 이 말
꽃길만 걷게 해줄게
오랫동안 꿈꿔왔어 누구보다
딱 딱 떨어지는
딱 딱 딱 딱 떨어지는
꽃길 위를 걸어가는 우리",media/mysingimage/images_real5/20240610072kkochgilmangeodgehaejulge.jpg,데이브레이크(DAYBREAK)
https://image.bugsm.co.kr/album/images/200/3926/392659.jpg?version=20211216022938.0,답답한 새벽,스웨덴세탁소,잠들 때까지,03:57,,"답답한 새벽 잠은 안 오고 
불안한 생각들이 꼬리를 물고
캄캄한 시간 기댈 곳도 없는 
외롭고 아픈 날들
이젠 늦어버린 숨겨둔 마음 
지나친 풍경들에 눈물이 나도
그대로의 내가 참 좋다며 
웃던 네가 있길 바라지만
이젠 우연이라도 바래볼 수밖에 
널 바라보기만 해도 난 녹아버릴 것 같아
괜찮냐고 해줘 울지 말라고 해줘
내 손을 잡고 다 잘 될 거라고 말해줘
지우고 싶은 무거운 하루 
다가올 내일이 더 두려워져도
그대로의 내가 참 좋다며 
웃던 네가 있길 바라지만
이젠 우연이라도 바래볼 수밖에 
널 바라보기만 해도 난 녹아버릴 것 같아
괜찮냐고 해줘 울지 말라고 해줘
내 손을 잡고 다 잘 될 거라고 말해줘
나는 우연이라도 바래볼 수밖에 
널 바라보기만 해도 숨쉴 수 있을 테니까
겁내지 않을게 도망치지 않을게
잠들 때까지 잠들 때까지만 있어줘",media/mysingimage/images_real5/20240610073dabdabhansaebyeog.jpg,스웨덴세탁소
https://image.bugsm.co.kr/album/images/200/4368/436856.jpg?version=20221110045704.0,여름밤,헤르쯔 아날로그,어서오세요 여름밤,04:19,,"뜨겁던 해는 지고
선선한 바람이 부는
여름밤
어둠으로 물든 하늘엔
식은 공기만 있어

풀벌레 우는 소리
그네에 앉아 듣는
여름밤
그늘이란 없는 따가운
햇살 같던 나의 일상

긴 오후가 가 버리고
하루의 끝자락에 있지만
가로등 불빛 아래서
나의 하루를 아직
끝내지 못하고
서성이고 있어

부드러운 바람이 불면
슬며시 눈을 감아
무더웠던 나의 하루를
어루만져주는 여름밤

향기로운 바람이 불면
살며시 미소를 지어
무더웠던 나의 하루를
어루만져주는 여름밤


부드러운 바람이 불면
슬며시 눈을 감아
무더웠던 나의 하루를
어루만져주는 여름밤

향기로운 바람이 불면
살며시 미소를 지어
무더웠던 나의 하루를
어루만져주는 여름밤",media/mysingimage/images_real5/20240610074yeoleumbam.jpg,헤르쯔 아날로그(Herz Analog)
https://image.bugsm.co.kr/album/images/200/4326/432636.jpg?version=20170926013449.0,내가 니편이 되어줄게 (feat. 하은),커피소년,커피소년 세번째 음악로스팅,05:59,보컬 커피소년 피쳐링 하은,"누가 내 맘을 위로할까
누가 내 맘을 알아줄까
모두가 나를 비웃는 것 같아 
기댈 곳 하나 없네 

이젠 괜찮다 했었는데 
익숙해진 줄 알았는데
다시 찾아온 이 절망에 
나는 또 쓰려져 혼자 남아있네

내가 니 편이 되어줄게 
괜찮다 말해줄게 
다 잘 될 거라고 넌 빛날 거라고 
넌 나에게 소중하다고 
모두 끝난 것 같은 날에
내 목소릴 기억해 
괜찮아 다 잘 될 거야 
넌 나에게 가장 소중한 사람 

이젠 괜찮다 했었는데 
익숙해진 줄 알았는데 
다시 찾아온 이 절망에 
나는 또 쓰려져 혼자 남아있네
 
내가 니 편이 되어줄게 
괜찮다 말해줄게 
다 잘 될 거라고 넌 빛날 거라고 
넌 나에게 소중하다고 
모두 끝난 것 같은 날에 
내 목소릴 기억해 
괜찮아 다 잘 될 거야 
넌 나에게 가장 소중한 사람 

니 편이 되어 줄게 
괜찮다 말해줄게 
다 잘 될 거라고 넌 빛날 거라고 
넌 나에게 소중하다고 
끝난 것 같은 날에 
내 목소릴 기억해 
괜찮아 다 잘 될 거야 
넌 나에게 가장 소중한 사람 
니 편이 되어 줄게",media/mysingimage/images_real5/20240610075naeganipyeonidoeeojulgefeathaeun.jpg,커피소년
https://image.bugsm.co.kr/album/images/200/2405/240516.jpg?version=20211216015726.0,잔혹한 여행,한희정,잔혹한 여행,03:09,,"그 때 그 무엇이 나를 움직이고 말하게 했을까
다만 그 모든 걸 너와 나누고 싶었던 것 뿐이었는데

사람, 오 사람 여행같던 사람 눈부신 날에 나를 떠나가네
사랑, 오 사랑 잔혹했던 여행 내 마지막 여정아

함께한 그 무엇이 우릴 헤어지게 만들었던 걸까
다만 그 모든 걸 너와 나누고 싶었던 것 뿐이었는데

사람, 오 사람 여행같던 사람 눈부신 날에 나를 떠나가네
사랑, 오 사랑 잔혹했던 여행 내 마지막 여정아 안녕

그 땐 다만 그 모든 걸 함께 나누고 싶었지

그리운 나의
사람, 오 사람 여행같던 사람 눈부신 날에 나를 떠나가네
사랑, 오 사랑 잔혹했던 여행 내 마지막 여정아 안녕",media/mysingimage/images_real5/20240610076janhoghanyeohaeng.jpg,한희정
https://image.bugsm.co.kr/album/images/200/4724/472439.jpg?version=20211216003257.0,나한테 집중해,슈가볼,나한테 집중해,03:57,,"말리지마
지금 우리 헤어지자고 말할거야
오랫동안 속에 품었던 말이야 난
이렇게 끌려다닐 수 없어
더 이제 그만해 네게 말할 거야

웃지 좀 마
사람이 진지하게 앞에서 말하잖아
오늘은 확실히 말하고 난 넘어갈거야
떨리는 내 손 잡고 왜 이러는 거야
그만해 말이 막히잖아 

물론 약간은 내가 조르듯이
우리 시작한 것도 알지만
만나는 건지 아닌 건지
나만 늘 혼자처럼 느끼잖아

세상에 나 빼고 모든 네 주변을
나보다 훨씬 더 아끼잖아
이렇게 난 못하겠어

한마디 싫은 말도 못하고
더 많이 좋아한 건 나라고
사실 너도 싫지않다는 그 말이
내겐 너무 부족해보여
원하는 건 딱 하나 나한테 집중해

웃지 좀 마
사람이 진지하게 앞에서 말하잖아
오늘은 확실히 말하고 난 넘어갈거야
떨리는 내 손 잡고 왜 이러는 거야
그만해 말이 막히잖아 

물론 약간은 내가 조르듯이
우리 시작한 것도 알지만
만나는 건지 아닌 건지
나만 늘 혼자처럼 느끼잖아

세상에 나 빼고 모든 네 주변을
나보다 훨씬 더 아끼잖아
이렇게 난 못하겠어

한마디 싫은 말도 못하고
더 많이 좋아한 건 나라고
사실 너도 싫지않다는 그 말이
내겐 너무 부족해보여
원하는 건 딱 하나 나한테 집중해

한참 지쳐 놓고 싶어질 때
그때마다 너의 미소가 날 무너지게 해

한마디 싫은 말도 못하고
더 많이 좋아한 건 나라고
사실 너도 싫지않다는 그 말이
내겐 너무 부족해보여
원하는 건 딱 하나 나한테 집중해",media/mysingimage/images_real5/20240610077nahantejibjunghae.jpg,슈가볼(Sugarbowl)
https://image.bugsm.co.kr/album/images/200/200171/20017114.jpg?version=20230420003009.0,그게 뭐라고,어쿠루브,First Step,03:17,,"너의 소식을 듣고 난 멍하니 있어
하루온종일 널 생각 하나봐
일도 잘 안잡히고 집중이 안돼
괜찮았는데 요즘 따라

니가 생각나 이맘때쯤에
웃고 있던 너와 내가 생각 나는데
니 무릎을 베고 하늘을 보며
먼 훗날 우리 얘길 했는데

사랑한다고 내 귓가에 
말해주던 너의 목소리
그게 뭐라고 또 생각나
하나둘씩 떠오르지 함께한 추억들이
그리워지네

난 다짐을 했었지 너의 근황들을
안보고 지내고 싶었는데
그게 말처럼 안돼 
나 혼자 아픈건가 봐
넌 잘지내나 봐

저녁이 오면 사람들 속에
우리도 섞여 걸었었지 손을 잡고서
하지만 이제 네가 없어서
너무 외로워

사랑한다고 내 귓가에 
말해주던 너의 목소리
그게 뭐라고 또 생각나
하나둘씩 떠오르지 함께한 추억들이
그리워지네

그 누군가 내게 말을했지
세월이 곧 약일꺼라고
널 많이 사랑했나봐 그랬나봐
이젠 잊을 때도 됐는데

사랑한다고 좋아한다고 
매일 같이 말해주던
네 목소리 잊지못하고
하나둘씩 떠오르지 함께한 추억들이
그리워지네",media/mysingimage/images_real5/20240610078geugemwolago.jpg,어쿠루브
https://image.bugsm.co.kr/album/images/200/200827/20082706.jpg?version=20190515004105.0,니가 보고싶은 밤,윤딴딴,니가 보고싶은 밤,04:58,보컬 윤딴딴 작곡 윤딴딴 작사 윤딴딴 전체 보기,"유독 너랑 헤어지기 싫은 밤
집으로 돌아가는 길에
니가 서 있던 그곳에 난 또다시
밤을 태우듯 뛰어갔고
아무 생각조차도 할 새 없이
너를 와락 안아버렸고
아무도 없는 가로등 불빛 아래
짧은 키스를 나눴어

니가 떠나고 난 뒤에
아무런 일도 없단 듯이
잘 자라는 인사 건네며
깊은 한숨을 내쉬었지

밤은 깊어만 가고
의미 없이 널브러진 침대를 박차고 일어나
너의 이불에 들어가고 싶은데
마음은 깊어만 가고
의미 없이 전화기만 자꾸만 들었다 놨다
이 밤이 또 지나가는 게 너무 아쉬워
잠 못 드네

하루종일 니 생각이
온종일 하루종일 니 생각이
나지는 않더라도
용기를 내어 전화길 잡은 손에
숨은 가쁘게 뛰어갔고
너는 지금은 조금 바쁘다며
이따 연락하자고 했고
아무도 없는 작은 방 불빛 아래
짧은 한숨을 내쉬었어

해가 저물고 난 뒤에
아무 연락도 없는 거야
스치는 많은 생각 속에
자꾸 머리만 넘겼지

밤은 깊어만 가고
의미 없이 널브러진 침대를 박차고 일어나
너의 이불에 들어가고 싶은데
마음은 깊어만 가고
의미 없이 전화기만 자꾸만 들었다 놨다
이 밤이 또 지나가는 게 너무 아쉬워
잠 못 드네
밤은 깊어만 가고
의미 없이 혼자서만 자꾸만 중얼중얼 대
너의 안으로 들어가고 싶다고
마음이 깊어지는 게
또 의미 없는 혼자만의 상처로 지나긴 싫어
이 밤이 또 지나기 전에
너를 내 품에 안고 싶어

유독 니가 보고싶은 밤",media/mysingimage/images_real5/20240610079nigabogosipeunbam.jpg,윤딴딴
https://image.bugsm.co.kr/album/images/200/3628/362851.jpg?version=20200515002356.0,키스미,참솜,속마음,03:08,,"자기야 라고 부를래 
그대는 너무 특별하니까
맘에 들어가는 게 왜 이리 힘든가요
너무 어렵게만 생각해서 그런걸까 
솔직히 얘기할까요

자기야 라고 부를래 
그대는 너무 특별하니까
맘에 들어오는 건 그리 어렵진 않죠
그냥 분위기 좋은 카페에 날 데려가서
솔직히 말하면 돼요

그리고 두 손을 잡고서 
마주 본 눈빛을 피하지 말아요
온 세상을 다 가진 것 같은 
그런 맘을 갖고 
그 수줍음을 전해요

Oh, Kiss me I just want 
Kiss me I just want 
세상 모든 게 다 달라보이는 
Just like a magic special

Kiss me I just want 
Kiss me I just want 
세상 모든 게 다 특별해져 
Just like a magic special

오 그대 너무 예쁜 거 알죠
그대는 자면서도 빛이 나는 걸

그대의 (그대의) 마음에 (마음에)
커다란 빛이 나는 너무 좋은 걸

그대와 이 길을 걸으면 (빰빠빰빠빰)
우리 하나됨을 느껴요 
그대도 내 맘 같지는 않나요
어때요, 우리 시작해요

Oh, Kiss me I just want 
Kiss me I just want 
세상 모든 게 다 달라보이는 
Just like a magic special

Kiss me I just want 
Kiss me I just want 
세상 모든 게 다 특별해져 
Just like a magic special

그리고 두 손을 잡고서 
마주 본 눈빛을 피하지 말아요
온 세상을 다 가진 것 같은 
그런 맘을 갖고 
그 수줍음을 전해요

Kiss me I just want 
Kiss me I just want 
세상 모든 게 다 달라보이는 
Just like a magic special

Kiss me I just want 
Kiss me I just want 
세상 모든 게 다 특별해져 
Just like a magic special

Kiss me I just want 
Kiss me I just want 
세상 모든 게 다 달라보이는 
Just like a magic special

Kiss me I just want 
Kiss me I just want 
세상 모든 게 다 특별해져 
Just like a magic special",media/mysingimage/images_real5/20240610080kiseumi.jpg,참솜(Chamsom)
https://image.bugsm.co.kr/album/images/200/202037/20203701.jpg?version=20240304114311.0,너를 만나,폴킴,너를 만나,04:40,"보컬 폴킴(Paul Kim) 작곡 폴킴(Paul Kim) , 도니 제이(Donnie J) , Joseph K 작사 폴킴(Paul Kim) 전체 보기","너를 만난 그 이후로
사소한 변화들에 행복해져
눈이 부시게 빛 나는 아침
너를 떠올리며 눈 뜨는 하루
식탁 위에 마주 앉아
너의 하루는 어땠는지 묻거나
나의 하루도 썩 괜찮았어
웃으며 대답해 주고 싶어
별것 아닌 일에 맘이 통할 때면
익숙해진 서로가 놀라웠어
널 사랑해
평온한 지금처럼만
영원하고 싶다고
너를 바라보다 생각했어
너를 만나 참 행복했어
나 이토록 사랑할 수 있었던 건
아직 어리고 모자란 내 맘
따뜻한 이해로 다 안아줘서
무심한 말투에 서로 아플 때면
차가워진 사이가
견딜 수 없어 미안해
불안한 지금이라도
영원하고 싶다고
너를 바라보다 생각했어
너를 만나 참 행복했어
나 이토록 사랑할 수 있었던 건
아직 어리고 모자란 내 맘
따뜻한 이해로 다 안아줘서
뜨거웠던 여름 지나
그리워질 빗소리에
하나 둘 수줍어 또 얼굴 붉히면
생각이 많아진
너의 눈에 입 맞출 테니
우리 함께 걸어가기로 해
나를 만나 너도 행복하니
못 해준 게 더 많아서 미안해
이기적이고 불안한 내가
너에게만은 잘하고 싶었어
오랫동안 나 기다려온
완벽한 사랑을 찾은 것 같아
날 잡아줘서 힘이 돼줘서
소중한 배려로 날 안아줘서
너를 만나",media/mysingimage/images_real5/20240610081neoleulmanna.jpg,폴킴(Paul Kim)
https://image.bugsm.co.kr/album/images/200/4081/408111.jpg?version=20231104005811.0,고백,정준일,보고싶었어요,04:41,,"우리 이제 그만하자
다신 마주치지 않도록
그렇게 지내자

별다를 거 없어
사는 게 그렇잖아
언제나처럼 우린 늘 혼자였잖아

생각보단 쉬울 것 같아
너없이 하루를 사는 게 내겐 지금보다
마음 졸이며 널 기다린 하루보다
어쩌면 혼자인 게 더 편할 테니까

그런데 왜 지금 나 널 그리워하는 거니
네가 없는 하루하루가 왜이리 힘드니
네가 보고 싶다고 너무 보고 싶다고
전하지도 못할 말들을 하곤 했어
이제야 내 맘 다 알 것 같은데

오랜만에 누굴 만나서
시덥잖은 얘길 하고 소리 내어 웃곤 해

괜찮다고 아무렇지 않은 날 보며
너의 마음이 조금만 더 아팠으면 해

괜찮다고 말하던 친구들의 위로에
아무렇지 않은 것처럼
겨우 웃어보지만
아무리 달려봐도 결국엔 그 자리에
난 너를 그리워하는가봐

미안해 나 지금 너에게 달려가고 있어
차마 네게 할 수 없던 말 이젠 고백할게
너를 사랑한다고 너무 사랑한다고 
바보 같은 내 맘 받아 줄 수 있겠니?
이제야 내가 날 알 것 같은데 
이렇게 난 널 그리워하는데",media/mysingimage/images_real5/20240610082gobaeg.jpg,정준일
https://image.bugsm.co.kr/album/images/200/4805/480599.jpg?version=20240103004706.0,언젠가 설명이 필요한 밤,안녕하신가영,순간의 순간,04:38,,"너의 웃는 모습은
내가 아는 모든 것들을 
전부 있게 만들었지만
널 꿈꾸던 순간은
어느샌가 많은 것들에
조금씩 잊어야 했나 봐
수없이 많은 밤을
뜬 눈으로 지새워도
이유가 없는 밤이었지
수많은 밤이 지나
이유를 모르던 밤들은
한낱 꿈이 돼 버렸지
이루어질 수조차도 없는
눈을 뜨면 더 어두운 밤
눈을 감으면 환하게 빛나는 밤
쉽게 잠들지 못하는 밤은 항상
언젠가 설명이 필요한 밤
눈을 뜨면 네가 없어서
눈을 감아야 너를 볼 수 있는 밤
너를 생각하면 
언젠가 설명이 필요한 밤
수없이 많은 밤을
뜬 눈으로 지새워도
이유가 없는 밤이었지
수많은 밤이 지나
이유를 모르던 밤들은
한낱 꿈이 돼 버렸지
이루어질 수조차도 없는
눈을 뜨면 더 어두운 밤
눈을 감으면 환하게 빛나는 밤
쉽게 잠들지 못하는 밤은 항상
언젠가 설명이 필요한 밤
눈을 뜨면 네가 없어서
눈을 감아야 너를 볼 수 있는 밤
너를 생각하면 
언젠가 설명이 필요한 밤",media/mysingimage/images_real5/20240610083eonjengaseolmyeongipilyohanbam.jpg,안녕하신가영
https://image.bugsm.co.kr/album/images/200/4277/427713.jpg?version=20230215210005.0,농담 반 진담 반,슈가볼,Nuance,03:23,,"뚫어지게 쳐다 좀 보지마
어쩔 줄 모르는 나를 알면서 
이러는 너 난 싫어 

어서 빨리 고백하라고
눈빛으로 자꾸 얘기하는 너
이건 또 뭐하자는 거야

이런 걸로 장난치지 말아요
헷갈리게 하지 말아요
농담인지 진담인지 
확실히 해주면 안될까요
못되게 좀 굴지 말아요
이제는 말할게요
다 알면서
내게 이런 일은 한 번 이면 난 됐어요

자꾸만 왜 다시 또 물어 봐
무슨 말이 더 듣고 싶은 거야
이미 다 말했잖아

알면서 더 그러는 거니 지금
정확히 그 각도 그 표정 네 얼굴
난 참을 수가 없단 말야

무슨 겁이 그리 많냐고 
놀리지 좀 말아줘",media/mysingimage/images_real5/20240610084nongdambanjindamban.jpg,슈가볼(Sugarbowl)
https://image.bugsm.co.kr/album/images/200/200826/20082696.jpg?version=20231222002928.0,좋아해(bye),CHEEZE,좋아해(bye),03:39,보컬 CHEEZE(치즈) 작곡 CHEEZE(치즈) 작사 CHEEZE(치즈) 전체 보기,"문득 생각났어 너의 그 웃음이
익숙했던 너의 그 향기가
언제부터인지 낯설게 느껴져 마음이 붕 뜨네

문득 생각이 났어 널 처음 봤을 때
날 보던 네 눈빛에 움직일 수 없었던 순간이
왜였는지 이제 알겠어

한동안 잠 못들었어
머릿속 너가 들어 앉아 있는 그 자리가 어색해서

널 보고 싶단 말이 나와
널 사랑하고 있진 않을까

눈을 마주치면 터질듯한 마음
네겐 들키고 싶지 않은데

널 좋아한단 말이 나와
널 사랑하고 있진 않을까?

눈을 마주치고 하고 싶었던 말 네게 언제쯤 전할 수 있을까?

문득 생각이 났어 널 처음 봤을 때
날 보던 네 눈빛에 움직일 수 없던 순간이
왜였는지 이제 알겠어

한동안 잠 못 들었어 
머릿속 너가 들어 앉아 있는 그 자리가 어색해서

널 보고 싶단 말이 나와
널 사랑하고 있진 않을까

눈을 마주치면 터질듯한 마음
네겐 들키고 싶지 않은데

널 좋아한단 말이 나와
널 사랑하고 있진 않을까

눈을 마주치고 하고 싶었던 말 
네게 언제쯤 전할 수 있을까",media/mysingimage/images_real5/20240610085johahaebye.jpg,CHEEZE(치즈)
https://image.bugsm.co.kr/album/images/200/200268/20026817.jpg?version=20231026051543.0,사랑에 빠졌죠 (당신만이),장범준,장범준 2집,03:25,,"사랑에 빠졌죠 
사랑에 빠져 버렸죠
당신만이 나를 빠져들게 만들죠
당신만이 나를 복잡하게 하네요
당신만이 나를 복잡하게 만들어
당신만이 날
이 노랠 만들어 
이 노랠 멈출 수가 없네요
이 마음이 점점 빠져들고 있어요
당신만이 나를 헷갈리게 하네요
당신만이 나를 복잡하게 만들어
우 우우우우
당신 처음 봤던 그때부터
날 사랑에 빠지게 만들었어 우우 
우리 함께 하기 약속한 밤 나하아
사랑에 빠지게 만들었어
당신만이 나를 당신만이 나를
당신만을 내가 사랑하고 있어요
하아아 사랑하고 있어요
하아아 사랑하게 만들어
우우아 사랑하고 있어요
당신만이 날",media/mysingimage/images_real5/20240610086salangeppajyeossjyodangsinmani.jpg,장범준
https://image.bugsm.co.kr/album/images/200/200286/20028618.jpg?version=20231222012500.0,봄이 좋냐??,10CM,3.2,03:25,,"꽃이 언제 피는지 
그딴 게 뭐가 중요한데
날씨가 언제 풀리는지 
그딴 거 알면 뭐 할 건데
추울 땐 춥다고 붙어있고
더우면 덥다고 니네 진짜 이상해
너의 달콤한 남친은 
사실 피시방을 더
가고 싶어하지 겁나 피곤하대

봄이 그렇게도 좋냐 멍청이들아
벚꽃이 그렇게도 예쁘디 바보들아
결국 꽃잎은 떨어지지 
니네도 떨어져라
몽땅 망해라

아무 문제 없는데 
왜 나는 안 생기는 건데
날씨도 완전 풀렸는데 
감기는 왜 또 걸리는데
추울 땐 추워서 안생기고
더우면 더워서 인생은 불공평해
너의 완벽한 연애는 
아직 웃고 있지만
너도 차일거야 겁나 지독하게

봄이 그렇게도 좋냐 멍청이들아
벚꽃이 그렇게도 예쁘디 바보들아
결국 꽃잎은 떨어지지 
니네도 떨어져라
몽땅

손 잡지 마 팔짱 끼지 마 
끌어 안지 마
제발 아무것도 하지 좀 마
설레지 마 심쿵하지 마 
행복하지 마
내 눈에 띄지 마

봄이 그렇게도 좋냐 멍청이들아
벚꽃이 그렇게도 예쁘디 바보들아
결국 꽃잎은 떨어지지 
니네도 떨어져라
몽땅 망해라 망해라 망해라 망해라",media/mysingimage/images_real5/20240610087bomijohnya.jpg,10CM
https://image.bugsm.co.kr/album/images/200/6899/689952.jpg?version=20240223041111.0,잠깐만요,공기남녀,잠깐만요,03:07,"보컬 공기남녀 작곡 공기남 , 미네 작사 공기남 , 미네 전체 보기","우연히 찾아와 내 맘에 들어온
널 만나고부터 모든 게 변했어

사랑했던 만큼 욕심도 커져서
우린 서로에게 상처만 주었어

오늘따라 무표정한
얼굴빛이 차갑네요
혹시 내 예감이 맞는 걸까요

잠깐만요
그렇게 내게 겁주지 말아요
그대 정말
내 곁에서 떠나는 건가요
잠깐만요
아무 말도 나는 할 수 없는데
그냥 잠깐 잠깐 멈춰 서 봐요

오늘따라 모든 게 다 괜시리도 시리네요
혹시 이런 내 맘 아는 걸 까요

잠깐만요
그렇게 자꾸 보채지 말아요
전처럼 날 달래줄 수 없단 걸 알잖아
잠깐만요
하고픈 말이 너무 많았는데
그냥 잠깐 붙잡아 달란 말야

아마도 우린 서로 예감을 하고 있었겠죠
서로에게 너무 벅찬 기대였었나요
오늘 밤은 혼자 버틸 수 없을 것 같아요
잠깐만요 잠시 멈춰 서 봐요

왜 나는 사랑을 하면 늘 이렇게 끝이 나는 걸 까요
꿈이었다 해요 잠깐만 멈춰요",media/mysingimage/images_real5/20240610088jamkkanmanyo.jpg,공기남녀
https://image.bugsm.co.kr/album/images/200/201726/20172687.jpg?version=20180615005511.0,흐르는 시간 속에 우리는 아름다워,위수,흐르는 시간 속에 우리는 아름다워,03:21,보컬 위수(Wisue) 작곡 위수(Wisue) 작사 위수(Wisue) 전체 보기,"저 빌딩 숲은 화려하게 빛이 나고
저 하늘 위 별들은 소소하게 빛나는데
넌 어떤 사람이고 싶어
내게만 말해봐
들어줄 준비가 돼 있어
이리 와 이리 와 이리 와 이리 와
서로의 품에 안겨
아름다와 아름다와 아름다와
흐르는 시간 속에
우리는 우리는 우리는 우리는
아름다와 아름다와 아름다와
그림자 같은 내 일상에
팔을 베고 누우면
내 손목시계의 시계 침이
걸어가는 소리뿐
즐거운 고독이 뭔지
아직 잘 모르겠어
그저 너와 마주 앉아
웃고 싶어
이리 와 이리 와 이리 와 이리 와
서로의 품에 안겨
아름다와 아름다와 아름다와
흐르는 시간 속에
우리는 우리는 우리는 우리는
아름다와 아름다와 아름다와
꿈을 꾸고 싶은 밤
머릿속이 아닌
머리맡에 맴도는
꿈을 꾸고 싶은 밤
이리와 이리 와 이리 와 이리 와
(꿈을 꾸고 싶은 밤)
서로의 품에 안겨
아름다와 아름다와 아름다와
(머릿속이 아닌)
흐르는 시간 속에
우리는 우리는 우리는 우리는
(머리맡에 맴도는)
아름다와 아름다와 아름다와
(꿈을 꾸고 싶은 밤)
이리와 이리 와 이리 와 이리 와
(꿈을 꾸고 싶은 밤)
서로의 품에 안겨
아름다와 아름다와 아름다와
(머릿속이 아닌)
흐르는 시간 속에
우리는 우리는 우리는 우리는
(머리맡에 맴도는)
아름다와 아름다와 아름다와
(꿈을 꾸고 싶은 밤)
서로의 품에 안겨
흐르는 시간 속에
아름다와 아름다와 아름다와",media/mysingimage/images_real5/20240610089heuleuneunsigansogeulineunaleumdawo.jpg,위수(Wisue)
https://image.bugsm.co.kr/album/images/200/5383/538331.jpg?version=20190223181210.0,달과 6펜스,Lucia,Light & Shade chapter.2,04:06,,"달빛에 비친 유리창도 
이렇게 반짝이지는 않지 
너의 눈물 맺힌 눈
검은 하늘에 아플 만큼 
간절한 빛을 내던 별빛도 함께 
맞던 아침도

너를 안고 있어도 넌 여기 없고
그을음과 타고난 재만 있잖아
아무래도 좋을 결말 따위

내게 상처 주게 허락 할 테니
다시 걸어보게 해줘 사랑에
난 이미 손 쓸 수 없게 돼버렸지만
멋대로 그대를 원하고 있네
내가 선택할 수 있는 게 아냐
난 이미 사랑에 빠져 버렸지만

아무리 가시 돋친 말도 
그렇게 날카롭지는 않지 
너의 침묵 텅 빈 눈
메마른 나무 가지 같은 
너를 끌어안고 서서 쏟아내고 
있는 눈물도

뿌리치듯 날 밀어내 
네게 다가갈 수 없는데
나는 출렁이며 차올라 
네게 넘쳐버리게
아아 무책임한 그대는 
매일 얼굴을 바꾸네
내게서 도망치지 말아줘

나의 세계는 너로 세워지고 무너진다
모른 척 하고 있잖아
아무래도 좋을 결말 따위

내게 상처 주게 허락 할 테니
다시 걸어보게 해줘 사랑에
난 이미 손 쓸 수 없게 돼버렸지만
멋대로 그대를 원하고 있네
내가 선택할 수 있는 게 아냐
난 이미 사랑에 빠져 버렸지만

나는 자꾸만 더 야위고 깊어만 지네
날카로운 달빛에

달빛에 비친 유리창도",media/mysingimage/images_real5/20240610090dalgwa6penseu.jpg,Lucia(심규선)
https://image.bugsm.co.kr/album/images/200/7755/775514.jpg?version=20240223041321.0,"Gloomy Star (feat. 1ho, Chan)",공기남,Airman Morning Diaries #4,03:07,"보컬 공기남 피쳐링 1ho , Chan (찬) 작곡 공기남 전체 보기","멜로 영화에서 바라보는
주인공처럼
그냥 우연히 걸어가다
널 만나고 싶어
우린 각자 다른 장소에서
서로를 그리다
생각지도 않게 꿈꿔왔던 네가
내 앞에 나타나줬으면 해
평범한 일상을 보내다가
문득 외로워
혼자 아무렇지 않게 지내다
문득 서러워
우린 각자 다른 장소에서
서로를 그리다
우연인 것처럼 바래왔던 네가
내 앞에 나타나 줬으면 해
가끔 지나치는 인연들 사이에
네가 있었을까
좀 특별하게 생각했던 건 아닐까
요즘 들어 어렵다고
생각이 자꾸 들어요
캄캄한 이 밤
달이 밝지 않은 밤
그대가 비춰준다면
비춰준다면
외로운 이 밤
조금도 즐겁지 않은 밤
날 비춰졌으면
비춰졌으면 좋겠어
가끔 지나치는 인연들 사이에
네가 있었을까
좀 특별하게 생각했던 건 아닐까
요즘 들어 어렵다고
생각이 자꾸 들어요
캄캄한 이 밤
달이 밝지 않은 밤
그대가 비춰준다면
비춰준다면
외로운 이 밤
조금도 즐겁지 않은 밤
날 비춰졌으면
비춰졌으면
외로운 이 밤
조금도 즐겁지 않은 밤
비춰졌으면
비춰졌으면 좋겠어
Gloomy star
Same as me same as me
And gloomy moon
Just like look like me
Gloomy star
Same as me same as me
And gloomy moon
Just like look like me",media/mysingimage/images_real5/20240610091GloomyStarfeat1hoChan.jpg,공기남
https://image.bugsm.co.kr/album/images/200/6451/645161.jpg?version=20210421042353.0,너의 밤은 어때,그_냥,하_나,04:23,"보컬 그_냥 작곡 그_냥 , 정수민(SSMusic) 작사 그_냥 전체 보기","왜 오늘 따라
생각이 많은지
눈을 감아도
잠은 오지를 않고
괜스레 넓어진
침대 위에 누워서
또 너를 그려보네
오늘 같은 밤엔
궁금해지곤 해
지금 너의 방도
불이 켜져 있을까
나와 같은 달을 보면서
긴 밤을 보내고 있을까
너의 밤은 어때
이렇게 잠 못드는 밤이면
내가 줬던 꽃다발을 생각하며
한번 쯤은 날 위한
예쁜 미소를 너는 지었을까
나의 밤은 그래
이렇게 잠 못드는 밤이면
왠지 모를 그때 네 향기가 나
아직 난 네가
많이 보고 싶나봐
유난히 긴 오늘 밤
이젠 괜찮다고
나는 다 잊었다고
아무렇지 않은 척 했는데
아직은 네가 가득한 이 밤이
난 많이 그리운 것 같아
너의 밤은 어때
이렇게 잠 못드는 밤이면
내가 줬던 손편지를 꺼내보며
한번 쯤은 날 위한
예쁜 미소를 너는 지었을까
나의 밤은 그래
이렇게 잠 못드는 밤이면
왠지 모를 그때 네 향기가 나
아직 난 네가
많이 보고 싶나봐
유난히 긴 오늘밤
나의 밤은 그래
이렇게 잠들지 못할 때면
자꾸만 너의 모습이 떠올라
아직 난 너를
보내지 못했나봐
네가 그리운 이 밤",media/mysingimage/images_real5/20240610092neouibameuneottae.jpg,그_냥
https://image.bugsm.co.kr/album/images/200/202765/20276537.jpg?version=20210114172019.0,워커홀릭,볼빨간사춘기,Two Five,03:11,"보컬 볼빨간사춘기 작곡 안지영 , 바닐라맨 작사 안지영 전체 보기","머릴 질끈 묶고 안경을 벗어던져
난 지금 화가 났음 짜증이 났음
답장을 해주고 싶다가도
쏘아대는 말투들이
전혀 사랑스럽지 않아
시원한 맥주를 한 캔 마시다 Yeah
문득 스쳐 지나가는 어제의 기억
지금 생각해 보니까 내가 왜
때려치웠어야 했는데
모두 손을 들어 Beer cheers 우
아쉽지 않은 청춘답게 Face it
웃음밖에 나오지 않는 모든 상황에
눈 떠보니 벌써 아침이 왔음
우우우우우우우우우우
우우우우우우우우우우
Everyday working 이러다가 죽겠네
But I love this right? 이건 내게 맞지?
바라기만 했던 Up all night
머리 아픈 일들만 가득해
난 지금 과부하가 왔음
시원한 맥주를 한 캔 마시다 Yeah
문득 스쳐 지나가는 어제의 기억
지금 생각해 보니까 내가 왜
때려치웠어야 했는데
모두 손을 들어 Beer cheers 우
아쉽지 않은 청춘답게 Face it
웃음밖에 나오지 않는 모든 상황에
눈 떠보니 벌써 아침이 왔음
지겹도록 같은 일상 속에
오늘만 살아가고 싶어져
겁먹지 마 Just face
What you are doing yeah
시간이 없음
모두 소릴 질러 Feel this yeah
두렵지 않은 청춘답게 Face it
웃음조차 나오지 않는 모든 상황에
눈 떠보니 벌써
모두 손을 들어 Beer cheers 우
아쉽지 않은 청춘답게 Face it
웃음밖에 나오지 않는 모든 상황에
눈 떠보니 벌써 아침이 왔음
우우우우우우우우우우
우우우우우우우우우우
아침이 왔음",media/mysingimage/images_real5/20240610093wokeohollig.jpg,볼빨간사춘기
https://image.bugsm.co.kr/album/images/200/202898/20289887.jpg?version=20210421045548.0,잘 지내,적재,하루,03:31,"보컬 적재 작곡 적재 , Score(13) , Megatone(13) 작사 적재 전체 보기","나는 잘 지내
요즘 잠이 좀 없어졌어
그것 말고는
거의 똑같은 하루를 보내
여전히 아침은 거르고
커피숍에 들러서
하루를 시작해
요즘 이상해
머릿속이 복잡해졌어
누구 말로는
너 요즘 너무 예민하대
여전히 사랑은 어렵고
전화기 속 옛날 사진들 보면서
하루를 보내
내가 나를 아니까
더 이해가 안 돼
하루에도 꼭 몇 번씩
그때로 돌아가는 걸 보니까
이런 나를 보니까
이젠 알 것 같아
여전히 난 그곳에 있어
그대로 머물러 있어
나는 잘 지내
요즘 말이 좀 없어졌어
사람 만나도
재밌지가 않아
여전히 하루는 버겁고
내일이 오면 또 달라질까
하는 생각에 난
또 하루를 견뎌
내가 나를 아니까
더 이해가 안 돼
하루에도 꼭 몇 번씩
그때로 돌아가는 걸 보니까
이런 나를 보니까
이젠 알 것 같아
여전히 난 그곳에 있어
그대로 머물러 있어
내 하루를 보니까
네 기분은 어때
아무렇지 않은데
괜한 말을 꺼낸 건 아닐까
시간은 계속 가니까
그나마 위로가 돼
언젠간 분명히 잊어
그때가 올 거라 믿어",media/mysingimage/images_real5/20240610094jaljinae.jpg,적재
https://image.bugsm.co.kr/album/images/200/202868/20286827.jpg?version=20220324022946.0,축제,멜로망스,축제,04:33,보컬 멜로망스(MeloMance) 작곡 정동환 (멜로망스) 작사 김민석 전체 보기,"모든 막이 내리고
축제가 끝나도
그대의 마음 안엔
언제나 빛으로 남아있길
우리 처음 만났었던 순간
풋풋했던 서로의 모습들
웃음이 터져 나오고
참을 수조차 없는
즐거움이 전부였었죠
우리만의 축제가
시작되려는 날엔
아름다운 동화가
눈앞에서 써지고 있었죠
우리 막이 내리고
축제가 끝나도
그대의 마음속엔
우리의 위로들이
끝나지 않을 음악
소리가 되어서
언제나 그대 옆에
빛으로 남아있기를 바래요
별의별 시간들로
밤 위에 새겨 놀 때면
별 보다 빛나곤 했었죠
우리만의 축제가
시작되려는 날엔
서로를 위한 선물을
가득 준비해 놓고 있었죠 Oh
우리 막이 내리고
축제가 끝나도
그대의 마음속엔
우리의 위로들이
끝나지 않을 음악
소리가 되어서
언제나 그대 옆에
빛으로 남아있기를 바래요
당신을 위한 기도는 계속될 거예요
우리는 웃으면서 손을 흔들기로 해요 Oh
또 새로운 시작은
언제나 우리를
설레게 하겠지만
서로가 선물 같던 그 시간이
다가올 내일의
슬픔을 견디게
도와줄 시간으로
그대의 옆에 남기를 바래요
빛으로 남아있기를 바래요",media/mysingimage/images_real5/20240610095chugje.jpg,멜로망스(MeloMance)
https://image.bugsm.co.kr/album/images/200/201168/20116852.jpg?version=20231222004403.0,폰서트,10CM,4.0,03:17,보컬 10CM 작곡 10CM 작사 10CM 전체 보기,"이건 세상에서 제일 비싼 단독 공연
가수는 나고 관객은 너 하나
화려한 막이 이제 곧 올라가기 전에
그저 몇 가지만 주의해줘요

세상에서 제일 편한 옷을 갈아 입고
제일 좋아하는 자리에 누워
배터리가 바닥나지 않게 조심하고
통화상태를 항상 유지해줘요

듣고 싶은 노래를 말 만해 everything
입이 심심할 때는 coffee popcorn anything
너무 부담주진 말고 편하게 들어줘
아님 내가 너무 떨리니까

오직 너에게만 감동적인 노래
오직 너를 웃게 하기 위한 코너
네가 너무 설레 잠 못 들게 만들 거야
지금이야 크게 소리 질러줘

누구보다 특별한 너의 취향을 알아
달콤한데 슬픈 듯 아찔하게 (맞지)
근데 다음 곡이 중요해 볼륨 높여봐
기억 나니 우리 그 날 그 노래

내가 너무 진지해 보여도 웃지마
누가 봐도 완벽한 노래는 아니지만
많이 연습한 부분을 너 때문에 틀리잖아
아직 나는 너무 떨리니까

오직 너에게만 감동적인 노래
오직 너를 웃게 하기 위한 코너
네가 너무 설레 잠 못 들게 만들 거야
지금이야 크게 소리 질러

이 공연은 거의 다 끝나 가고 있어
어땠는지 말해줘 문자로
너무나 아쉽지만 졸린 거 이미 알고 있어
기대해줘 마지막 곡 이 중에서도 제일

감동적인 노래
오직 너를 웃게 하기 위한 코너
네가 너무 설레 잠 못 들게 만들 거야
지금이야 제일 원하는 걸 말해 어떤 노래를
다시 듣고 싶어? 사실 내가 원해
네가 너무 설레 잠 못 들지 모르지만
앵콜이야 크게 소리 질러줘

이건 세상에서 제일 비싼 단독공연
가수는 나고 관객은 너 하나",media/mysingimage/images_real5/20240610096ponseoteu.jpg,10CM
https://image.bugsm.co.kr/album/images/200/202896/20289696.jpg?version=20231026060608.0,Lemon,ADOY,VIVID,03:43,"보컬 ADOY 작곡 지(Zee) , 오주환 , 정다영 작사 지(Zee) , 오주환 전체 보기","Oh no I saw you on the TV today
You made me dizzy automatically
Baby you couldn't be my lady okay
Envy it's always automatic to me
You lemonade
Such a beauty on the TV
You lemonade
Can you see me (Oh no)
You lemonade
Such a beauty on the TV
You lemonade
Can you see me (Oh no)
Oh no it could be an addiction again
You make my life so cinematic always
Baby you shouldn't be my lady okay
Envy I dream one day it listens to me
You lemonade
Such a beauty on the TV
You lemonade
Can you see me (Oh no)
You lemonade
Such a beauty on the TV
You lemonade
Can you see me (Oh no)
You lemonade
Such a beauty on the TV
You lemonade
Can you see me (Oh no)",media/mysingimage/images_real5/20240610097Lemon.jpg,ADOY
https://image.bugsm.co.kr/album/images/200/201303/20130350.jpg?version=20230821142045.0,Boat,죠지,Boat,03:12,"보컬 죠지 작곡 죠지 , Deepshower(딥 샤워) 작사 죠지 전체 보기","I'm on a boat
눈에보이는 사방이 바다야
갓 잡아올린 생선을 회쳐서먹어
I'm on a boat
멀어지는 도시
We're going on
어딘가로 멀리멀리
I'm on a boat
내가 원했던건 그게전부야
흘러가는파도와 내 흔들리는 보트
I'm on a boat
멀어지는 도시
We're going on
어딘가로 멀리멀리
지는 해를 바라보면서
잠들수있는 낙이 필요해
떠나지말란 법은 없지만
두고가야할게많아 겁이나는걸
가끔은 한심한 꿈들이 필요해
But 나를 바라보는 눈이 너무많아
저 멀리 갈수있는 배가 필요해
내 삶은 파도 따라서 흘러가야돼
I'm on a boat
눈에보이는 사방이 바다야
갓 잡아올린 생선을 회쳐서먹어
I'm on a boat
멀어지는 도시
We're going on
어딘가로 멀리멀리
I'm on a boat
내가 원했던건 그게전부야
흘러가는파도와 내 흔들리는 보트
I'm on a boat
멀어지는 도시
We're going on
어딘가로 멀리멀리
지금은 꽤나 멀리온듯해
생각했던 모습과는 조금달라도
괜찮아 이건모두 내가 바랬던
이상의 일부야 이정돈 감수해야지이이 예에에
큰 파도가 날 덮칠수도있지만
뜻밖의 사고가 날 수도있지만
I'll be ok 난 내 삶에 만족해
날 향한 걱정과 우려는 필요없어
I'm on a boat
눈에보이는 사방이 바다야
갓 잡아올린 생선을 회쳐서먹어
I'm on a boat
멀어지는 도시
We're going on
어딘가로 멀리멀리
I'm on a boat
내가 원했던건 그게전부야
흘러가는파도와 내 흔들리는 보트
I'm on a boat
멀어지는 도시
We're going on
어딘가로 멀리멀리
I'm on a boat
눈에보이는 사방이 바다야
갓 잡아올린 생선을 회쳐서먹어
I'm on a boat
멀어지는 도시
We're going on
어딘가로 멀리멀리
I'm on a boat
내가 원했던건 그게전부야
흘러가는파도와 내 흔들리는 보트
I'm on a boat
멀어지는 도시
We're going on
어딘가로 멀리멀리",media/mysingimage/images_real5/20240610098Boat.jpg,죠지
https://image.bugsm.co.kr/album/images/200/202726/20272602.jpg?version=20231026060111.0,흔들리는 꽃들 속에서 네 샴푸향이 느껴진거야,장범준,멜로가 체질 OST Part 3,02:48,보컬 장범준 작곡 장범준 작사 장범준 전체 보기,"흔들리는 꽃들 속에서
네 샴푸향이 느껴진거야
스쳐지나간건가 뒤돌아보지만
그냥 사람들만 보이는거야
다와가는 집근처에서
괜히 핸드폰만 만지는거야
한번 연락해 볼까 용기내 보지만
그냥 내 마음만 아쉬운 거야
걷다가 보면 항상 이렇게
너를 바라만 보던
너를 기다린다고 말할까
지금 집앞에 계속 이렇게
너를 아쉬워 하다 너를 연락했다 할까
지나치는 꽃들 속에서
네 샴푸향만 보이는거야
스쳐지나간건가 뒤 돌아보지만
그냥 내 마음만 바빠진거야
걷다가 보면 항상 이렇게
너를 바라만 보던 너를 기다린다고 말할까
지금 집앞에 계속 이렇게
너를 아쉬워 하다 너를 연락했다 할까
어떤 계절이 너를 우연히라도
너를 마주치게 할까
난 이대로 아쉬워하다
너를 바라만 보던 너를
기다리면서 아무말 못하고
그리워만 할까
걷다가 보면 항상 이렇게
너를 바라만 보던
너를 생각한다고 말할까
지금 집앞에 기다리고
때론 지나치고 다시 기다리는
꽃이 피는 거리에 보고파라 이밤에
걷다가 보면 항상 이렇게
너를 아쉬워 하다
너를 기다린다고 말할까
지금 집앞에 계속 이렇게
너를 아쉬워 하다
너를 연락했다 할까",media/mysingimage/images_real5/20240610099heundeullineunkkochdeulsogeseonesyampuhyangineukkyeojingeoya.jpg,장범준
https://image.bugsm.co.kr/album/images/200/9397/939752.jpg?version=20221005183105.0,너는 내게 비타민 같아,모트,동백꽃 필 무렵 (KBS2 수목드라마) OST - Part.3,03:58,"보컬 모트(Motte) , 용주(YONGZOO) 작곡 개미 , 라엘(Ra.L) 작사 라엘(Ra.L) , 나오미 전체 보기","아니 이게 무슨 일이야
거울 속 내 모습에 네가 보여
누군가가 내게 말했어
사랑하면 닮는데 그런가봐
내게 대체 무슨 짓을 한거야
자꾸만 네가 생각나잖아
차가운 바람이 부는데도
너 때문에 내 가슴이 뜨겁잖아
You are my sunshine in my heart
너를 보면 힘이 솟아나
피곤할 타이밍인데도
너는 내게 비타민 같아
두근두근 대는 내 심장이 터질 것만 같아
널 떠올리면 벅차올라 oh yeah
매일 반복되는 흔해 빠진
내 하루 속에서 그댄
판타지 속 마법 같아
사랑은 미쳐가는 건가봐
그럼 너로 미쳐서 살래
아니 너 대체 왜그래 내게
그럼 나는 파치며 살래
You are my sunshine in my heart
너를 보면 힘이 솟아나
피곤할 타이밍인데도
너는 내게 비타민 같아
두근두근 대는 내 심장이 터질 것만 같아
그대 내게로 다가오면
후끈후끈거려 나를 흔들어놓는
그대만 보면 몹시 이상해 내 마음이
oh my baby lady 너로 물들어가
너의 색으로 나를 가득 채워
별처럼 반짝이는 네 눈 속에 빠질래
You always make me smile
You are my sunshine in my heart
너를 보면 힘이 솟아나
피곤할 타이밍인데도
너는 내게 비타민 같아
You are my star in my heart
바보처럼 웃고 있는 나
시려운 내 손을 잡아줘요
너는 나의 핫팩이니까
나는 너를 좋아하니까
그래서 너는 내 비타민이야",media/mysingimage/images_real5/20240610100neoneunnaegebitamingata.jpg,모트(Motte)
