Title,Project,Date,Artist,Image,Content
[eill BLUE ROSE TOUR 2024 in SEOUL],무신사개러지,2024-11-23,eill,images_real2\eillBLUEROSETOUR2024inSEOUL_2024-11-23.jpg,"📢 eill 내한공연
[eill BLUE ROSE TOUR 2024 in SEOUL]
'여름을 향한 터널, 이별의 출구'의 OST로 국내 팬들의 귀를 사로잡았던 일본 싱어송라이터 eill(@_EILL_)
2024 eill BLUE ROSE TOUR의 마지막을 한국에서 장식합니다.
• 공연 일시 : 2024.11.23(토)~24(일) 오후 7시
• 공연 장소 : 무신사 개러지 / musinsa garage
• 티켓 가격 : 전석 스탠딩 88,000원
• 예매처 : 인터파크 티켓 단독[interpark ticket](@MUZ_PACE_ENT 프로필 링크)
✨️추후 공지사항은 @MUZ_PACE_ENT에서 확인 하실 수 있습니다!
@_EILL_ @EILL_INFO @MUZ_PACE_ENT"
𝗶𝗻𝗱𝗶𝗴𝗼 𝗹𝗮 𝗘𝗻𝗱 𝗟𝗶𝘃𝗲 𝗶𝗻 𝗦𝗲𝗼𝘂𝗹,무신사개러지,2024-11-16,Indigo la End,images_real2\_2024-11-16.jpg,"𝗶𝗻𝗱𝗶𝗴𝗼 𝗹𝗮 𝗘𝗻𝗱 𝗟𝗶𝘃𝗲 𝗶𝗻 𝗦𝗲𝗼𝘂𝗹
🗓️공연일시: 2024년 11월 16일 (토) 오후 7시
📍장소: 홍대 무신사 개러지 / 서울특별시 마포구 잔다리로 32 (서문빌딩) B1F
🔹티켓 가격: 예매 99,000원
🔹티켓 오픈 일시: 8월 13일 (화) 12:00
🔹예매처: 인터파크 http://ticket.interpark.com/
🔹문의처: hipsquare@NAVER.COM
▫️公演日：2024年11月16日 (土)
▫️会場：ソウル・弘大 musinsa garage
▫️時間：開場 18:00 / 開演 19:00
▫️出演：indigo la End
▫️料金：前売 99,000won
▫️チケット発売日：8月13日 (火) 12:00~
🔻http://ticket.interpark.com/
▫️お問い合わせ：hipsquare@NAVER.COM
인디고 지평선을 닮은 일본 밴드 -
인디고 라 엔드의 첫 단독 내한 공연
특유의 음악 색깔을 지닌 밴드 인디고 라 엔드가 인천펜타포트락페스티벌에 이어 오는 11월 첫 단독 공연으로 한국 팬들을 찾을 예정입니다.
노을이 지고 짙은 쪽빛이 내려앉은 하늘처럼 몽환적이고 감성적인 이들의 음악을 가을에도 즐길 수 있게 되었습니다.
인디고 라 엔드는 2010년 카와타니 에논을 주축으로 결성되어 몇차례 멤버 구성의 변화에도 흔들림없이 자신들만의 음악 세계를 구축해나가고 있습니다. 기타 선율과 함께 전개되는 보컬, 여기에 절묘하게 조화를 이루는 리듬 섹션, 그리고 세심하게 틈을 채우는 코러스까지. 세밀하게 전개되는 인디고 라 엔드 음악의 절묘함의 미학은 무대에서 밀도있게 표현됩니다.
일본에서 다양한 형태로 음악 세계를 펼치고 있기도 한 보컬 카와타니 에논에게 인디고 라 엔드는 그의 음악적 출발점과도 같습니다. 독보적인 음악으로 팬층을 형성해가고 있는 이 밴드의 매력을 무대에서 꼭 확인해보시길 바랍니다.
#𝗶𝗻𝗱𝗶𝗴𝗼𝗹𝗮𝗘𝗻𝗱 #인디고라엔드"
<Samm Henshaw LIVE IN SEOUL>,무신사개러지,2024-11-10,Samm Henshaw,images_real2\SammHenshawLIVEINSEOUL_2024-11-10.jpg,"샘 헨쇼 내한공연
<Samm Henshaw LIVE IN SEOUL>
How Does It Feel? 😎❓❕
파워풀한 목소리와 레트로 소울을 지닌
영국 싱어송라이터 샘 헨쇼(@SAMMHENSHAW)
11월 10일 (일) 무신사 개러지, 내한공연 확정!
▶공연일시 : 2024년 11월 10일 (일) 오후 6시
▶공연장소 : 무신사 개러지
▶티켓가격 : 스탠딩석 99,000원
▶티켓오픈 : 2024년 7월 26일 (금) 낮 12시
▶예매처 : 인터파크 티켓(ticket.interpark.com),
멜론티켓(ticket.melon.com)
<Samm Henshaw LIVE IN SEOUL>
▶Date : Nov 10 (SUN), 2024 at 6pm
▶Venue : MUSINSA GARAGE
▶Ticket Price : Standing 99,000
▶On-sale : July 26 (FRI), 2024 at 12pm
▶Ticket : INTERPARK TICKET(ticket.interpark.com),
MELON TICKET(ticket.melon.com)"
Matt Maltese LIVE IN SEOUL,무신사개러지,2024-11-08,Matt Maltese,images_real2\MattMalteseLIVEINSEOUL_2024-11-08.jpg,"맷 말티스 내한공연
<Matt Maltese LIVE IN SEOUL>
As The World Caves In🎞
진솔한 가사로 위로를 전하는
싱어송라이터 맷 말티스(@MATTHEWMALTESE)
11월 8일(금), 첫 단독 내한공연 확정!
▶공연일시 : 2024년 11월 8일(금) 오후 8시
▶공연장소 : 무신사 개러지
▶티켓가격 : 스탠딩석 99,000원
▶티켓오픈 : 2024년 5월 27일 (월) 낮 12시
▶예매처 : 인터파크 티켓(ticket.interpark.com),
멜론티켓(ticket.melon.com)
<Matt Maltese LIVE IN SEOUL>
▶Date : Nov 8 (FRI), 2024 at 8pm
▶Venue : MUSINSA GARAGE
▶Ticket Price : Standing 99,000
▶On-sale : May 27 (Mon), 2024 at 12pm
▶Ticket : INTERPARK TICKET(ticket.interpark.com),
MELON TICKET(ticket.melon.com)"
제비다방 컴필레이션 2024/2025,무신사개러지,2024-10-08,"극동아시아타이거즈, 차세대, 카더가든, 서울전자음악단, 채무자들, 김일두, 카디, 파라솔 웨이브스, 무이야드, 불나방스타쏘세지클럽, 여유와설빈",images_real2\20242025_2024-10-08.jpg,"[제비다방 컴필레이션 2024/2025]
▫티켓오픈
무신사(선예매) 2024년 8월26일 (월) 13:00
인터파크 2024년 9월2일 (월) 13:00
▫일시
2024년 10월8일 (화) 18:30
2024년 10월9일 (수) 17:30
▫장소
무신사 개러지 (서울 마포구 잔다리로32 서문빌딩 지하1층)
▫LINE-UP
10. 8 (화)
김일두@KIMILDU
카디 @BANDKARDI_
무이야드@MOOEEYARD
파라솔웨이브 @PARASOL_WAVES
불나방스타쏘세지클럽 @BSSC.OFFICIAL
——————
10. 9 (수)
여유와설빈 @YEOYU_SEOLBIN
카더가든 @CARTHEGARDEN
서울전자음악단 @SEOUL_ELECTRIC_BAND
채무자들 @DDEBTORSS
극동아시아타이거즈 @FAR_EAST_ASIAN_TIGERS
차세대 @NEWTAPE6
▫티켓가격 (1일권) 예매 66,000원 현매 70,000원 (전석 스탠딩)
▫2025년 상반기, 제비다방2024/2025 공연라이브앨범이 발매됩니다.
▫아트워크 / 디자인
Artworks @IANMIMESIS
Design clyn.kim810@GMAIL.COM
앞으로 더 자세한 소식들은 #제비다방 인스타그램 (@JEBIDABANG)을 참고해주세요.
#제비다방컴필레이션 #제비컴필"
라밴락페2024,미정,2024-10-06,13CHILDREN,images_real2\labaenlagpe2024_2024-10-06.jpg,정보를 추가해 주세요
수퍼 겁쟁이들의 쉼터,언드,2024-09-28,"병아리블루, 꼬메무스 누벵, 원와트",images_real2\supeogeobjaengideuluiswimteo_2024-09-28.jpg,"수퍼 겁쟁이들의 쉼터는
멋쟁이 클럽에 가지 못한 자들이 가는 곳입니다.
그렇다면 무엇이 우리를 겁쟁이로 만들고
수퍼 겁쟁이들의 쉼터로 이끌었을까요?
사람들마다 다르겠지만, 대부분은 두려움과 불안감 때문이겠지요.
하지만, 그런 시간들을 잊기 위한 곳이 있다면?
슈퍼 겁쟁이들의 쉼터에서는 두려움과 불안함을
모두 잊고 좋은 시간을 보낼 수 있습니다.
서울의 병아리블루, 대구의 원와트,거제의 꼬메무스 누벵과 함께 언드라는 이름의 쉼터에서 편안한 시간을 보내고싶다면,
수퍼 겁쟁이들의 쉼터로 오세요!
· 일시 : 2024년 9월 28일 19:00 (18:30 입장)
· 장소 : 언드 @UND_SPACE (경남 거제시 거제대로3734 지하1층)
· 티켓정보 : 예매 1.5만 현매 2만
※청소년 무료입장(학생증 필참)※
농협 356-0980-6511-33 김다빈
입금한 후에 @COMEMOS_NUVEM 프로필 bio 의 링크 클릭후 폼 작성 부탁드립니다!
※청소년도 폼 작성 부탁드려요!※
🍭LINE UP
원와트 @1WATT_LETSGO
꼬메무스 누벵 @COMEMOS_NUVEM
병아리블루 @BLUECHICK_0
📢공지사항 Notice📢
· 입금 후 24시간 내에 확인 문자를 드립니다.
· 공연 당일 선착순 입장입니다.
· 공연장 내 팁박스가 비치되어 있습니다
⠀(팁박스 수익은 전액 뮤지션에게 제공됩니다.)
· 공연장 내 Bar를 통해 음료 및 주류 주문이 가능하며,
⠀청소년의 주류 이용은 엄격히 금지됩니다.
· 본 공연은 사진 및 동영상 촬영이 철저하게 허용됩니다.
⠀아티스트가 관객 여러분에게 선사하는 멋진 무대를
⠀SNS에 널리 퍼트려 주시는 아름다운 관람 매너를 부탁드립니다!
문의 : @VACANTGLOW
Artwork by @ANIDONNO"
9월 해질녘 콘서트 - 전하고 싶은 말 by 연정(YeonJeong),북두칠성도서관 아트훌,2024-09-28,연정,images_real2\9wolhaejilnyeokkonseoteujeonhagosipeunmalbyyeonjeongYeonJeong_2024-09-28.jpg,"9월 해질녘 콘서트 - 전하고 싶은 말 by 연정(YeonJeong)
공연일시 : 9.28 (토) 오후 5시
공연장소 : 북두칠성도서관 아트훌
관람연령 : 중학생 이상
**무료공연
예약기간 : 9.13(금) 오전 10시 ~ 9.27(금) 오후 6시
예약정원 : 선착순 100명
예약방법 : '북두칠성도서관' 카카오톡 1:1 채팅
*예약기간 이전에 보낸 메시지는 예약에서 제외되오니 신청방법을 자세히 살펴보시고 예약 부탁드립니다.
*본 공연은 비지정 좌석 공연이며, 관객 입장은 현장 선착순 입장입니다. 상황에 따라 입석 관람이 될 수 있습니다.
문의는 카카오톡 채널 [북두칠성도서관] 으로 해 주시면 빠르게 답변 받으실 수 있습니다."
Love Chips Festival 2024,미정,2024-09-28,"더사운드, 라이엇키즈, 갤럭시 익스프레스, 아디오스오디오, 크라잉넛, 로큰롤라디오, SURL, 쏜애플, YB, 검엑스, 이지형, 로맨틱펀치, Crossfaith, PUFFY, 마이큐, 04 Limited Sazabys, Coldrain",images_real2\LoveChipsFestival2024_2024-09-28.jpg,"【LOVE CHIPS FESTIVAL 2024 2차 라인업 발표】
⠀
2024.9.28(SAT)~9.29(SUN)
’인천 상상플랫폼 야외광장‘
⠀
“LOVE CHIPS FESTIVAL 2024“
2차 라인업 & 날짜별 출연 아티스트를 공개합니다‼️
⠀
「04 Limited Sazabys」 「coldrain」 「Northern19」
「쏜애플」 「SURL」 「더 사운드」출연 확정!🎶👏
⠀
9/28(토)
⠀
04 Limited Sazabys /PUFFY /GUMX
크라잉넛 /Northern19 /갤럭시 익스프레스 /마이큐
이지형 /라이엇키즈
and more…
⠀
9/29(일)
⠀
YB /coldrain /Crossfaith
쏜애플 /로맨틱펀치 /아디오스 오디오
SURL/ 로큰롤라디오 /더 사운드
and more…
⠀
<일반 티켓 오픈>
🎫7월16일(화)오후 2시~
INTERPARK TICKET에서 OPEN!
1일권:110,000원/2일권:176,000원
⠀
자세한 소식은
러브칩스 페스티벌 공식 SNS를 통해 확인 부탁드립니다.
@LOVECHIPSFESTIVAL
⠀
아티스트, 음악과 함께 다양한 사랑에 대해
이해하고 경험하며 더 나은 세상을 위한 가치를 공유하는
“LOVE CHIPS FESTIVAL 2024“
많은 성원 부탁드립니다!
⠀
【LOVE CHIPS FESTIVAL 2024】
‘INCHEON SANGSANG PLATFORM SQUARE’
第2弾ラインナップ&日割り発表❗
⠀
9/28(SAT)
⠀
04 Limited Sazabys /PUFFY /GUMX
/CRYING NUT /Northern19 /GALAXY EXPRESS
/MY Q /E Z Hyoung /RIOT KIDZ
and more…
⠀
9/29(SUN)
⠀
YB /coldrain /Crossfaith /THORNAPPLE /ROMANTIC PUNCH /ADIOS AUDIO /SURL /ROCK N‘ ROLL RADIO
/THE SOUND
and more…
⠀
[🎫一般発売]
7月16日(火)14:00より一般発売開始!!
ticket.interpark.com/Global
⠀
みなさまよろしくお願いします!
⠀
#LOVECHIPSFESTIVAL #러브칩스페스티벌#LCF2024 #04LIMITEDSAZABYS #COLDRAIN #NORTHERN19 #쏜애플 #SURL #YB #CROSSFAITH #PUFFY #GUMX #더사운드 #이지형 #로큰롤라디오 #아디오스오디오 #로맨틱펀치 #갤럭시익스프레스 #마이큐 #라이엇키즈 #MUSICFESTIVAL"
막주금라이브 Vol.33 [미지니],Cafe PPnF,2024-09-27,미지니,images_real2\magjugeumlaibeuVol33mijini_2024-09-27.jpg,"#막주금라이브 Vol.33 [ #미지니 ]
with 달달이 시즌3 <미지베이커리>
일상의 사소한 일들에 엉뚱한 상상을 더하여 무지개빛 그림을 그려내는, 즐거움을 노래하는 싱어송라이터 ’미지니‘ @V_MIJINEE
여름의 활기와 가을의 차분함이 어우러져
특별한 감성을 자아내는 9월의 마지막 주 금요일
9월 막주금라이브는 미지니 소극장공연
[달달이 시즌3] <미지베이커리> 와 함께 합니다.😎
⠀
📣 공연시간: 9/27(금) 저녁 8시
☕ 공연장소: cafe PPnF
(서울 종로구 성균관로 87, 효천아트센터 內 LF)
🏁 티켓오픈: 9/6(금) 오후 6시 (네이버 예매)
🎫 티켓: 25,000원 (1 Free Drink)
⠀
📌 <예매관련 공지>
본 공연장은 지정 좌석이 아닌, 입장 선착순 자율 좌석제 입니다.
관객 입장은 공연 시작 1시간 전(오후 7시)부터 가능합니다.
공연이 시작된 이후에는 지정된 시간 외 입장이 제한됩니다.
사전에 협의되지 않은, 전문장비를 동원한 사진 촬영, 영상 녹화 및 음원 녹취는 절대 불가합니다.
취소 및 환불은 예매처 규정을 참고하여 주십시오.
주차공간이 혼잡하오니, 대중교통을 이용해주시기 바랍니다.
🔗 예매링크: 프로필 링크 참고!
📞 문의: 02)3676-2353 (주)위드에이치씨
⠀
막주금라이브는 (주)위드에이치씨(withHC),
(주)더에이치컬쳐스 와 Cafe PPnF 가 함께 합니다.
⠀
Joy Together withHC -"
🥖 「문주나와 30개의 생일빵 대소동!」 🥖,Club 빵,2024-09-27,"이디어츠, 리니어, 윾, 스티커몬어드벤처",images_real2\munjunawa30gaeuisaengilppangdaesodong_2024-09-27.jpg,"🥖 「문주나와 30개의 생일빵 대소동!」 🥖
~ 빵 30주년 + 주나의 한국나이 30살을 축하하며 ~
📆 2024.09.27 금요일 오후 7시 30분
📍 클럽 빵
💸 입장료 현매 20000원
🎸 리니어, 스티커몬어드벤처, 윾, 이디어츠
🍻 맥주 100캔, 소량의 제로음료 소진시까지 무료
🍞 입장 선착순 30명에게 로토의 휘낭시에 증정"
밴드 휴고 EP발매 쇼케이스 HUGOISM,KT&G상상마당 부산,2024-09-20,"나의 노랑말들, 휴고",images_real2\baendeuhyugoEPbalmaesyokeiseuHUGOISM_2024-09-20.jpg,"🤟 공연정보
공연일시 : 2024. 9. 20 (금) 오후 7시 30분
게스트 : 나의 노랑 말들 @BAND_NANOMAL 의 백노루양
공연장소:부산 서면 상상마당 라이브홀 (부산 부산진구 서면로 39 2F)
좌석형태 : 전석 선착순 자율 입장
예매 = 2만원, 현매 = 2만5천원 (티켓 구입시 EP앨범 CD증정😊)
밴드 휴고 쇼케이스 예매
https://form.naver.com/response/UYCyrZmtVTVb7eVF4OF3Iw
🤟문의사항
위 내용 외 정보는 예매페이지(휴고 인스타 프로필 링크)에서 상세정보 확인
인스타그램 @BAND.HUGO
공연문의 010.2642.8758"
밴드 휴고 EP발매 쇼케이스 HUGOISM,KT&G상상마당 부산,2024-09-20,"나의 노랑말들, 휴고",images_real2\baendeuhyugoEPbalmaesyokeiseuHUGOISM_2024-09-20.jpg,"🤟 공연정보
공연일시 : 2024. 9. 20 (금) 오후 7시 30분
게스트 : 나의 노랑 말들 @BAND_NANOMAL 의 백노루양
공연장소:부산 서면 상상마당 라이브홀 (부산 부산진구 서면로 39 2F)
좌석형태 : 전석 선착순 자율 입장
예매 = 2만원, 현매 = 2만5천원 (티켓 구입시 EP앨범 CD증정😊)
밴드 휴고 쇼케이스 예매
https://form.naver.com/response/UYCyrZmtVTVb7eVF4OF3Iw
🤟문의사항
위 내용 외 정보는 예매페이지(휴고 인스타 프로필 링크)에서 상세정보 확인
인스타그램 @BAND.HUGO
공연문의 010.2642.8758"
2024년 9월 클럽빵 공연,Club 빵,2024-09-15,"민광진, 지누콘다, 모유, 박길수",images_real2\2024nyeon9wolkeulleobppanggongyeon_2024-09-15.jpg,추석을 앞두고~ #무이 #끌림 #모유 #지누콘다 #민광진 #박길수 #샐리에브리웨어 #메리헤이데이 #남경운밴드 #플레터 #다이퍼스 #잔류파 #루프텔 #최광일 #정안 #거품 #배유나 #클럽빵 #CLUBBBANG #INDIE #KINDIE #추석즐겁게보내세요~
추수락앤롤 Vol. 2 - 야자수 / 윾 / 마이골든에이지,오방가르드,2024-09-14,"윾, 야자수, 마이골든에이지",images_real2\chusulagaenlolVol2yajasueukkmaigoldeuneiji_2024-09-14.jpg,"가을 달이 가장 빛나는 주간의 토요일!
밴드들의 신나는 한가위 잔치 한마당
돌아온 추수락앤롤 두번째 시리즈🌝🤘
[추수락앤롤 Vol. 2]
장소 VENUE 오방가르드 @OVANTGARDE
일시 DATE 2024. 09. 14 토Sat 7:30pm
입장 DOOR OPEN 7pm
[Line Up]
야자수(@YAJASUBAND)🌴
밴드 야자수는 인디락을 지향하며
하나의 색이 아닌 각자의 색으로,
푸릇한 야자수가 생각나는 악상을 연주한다.
⠀
윾 (@EUKKEUKKEUKK) 🙋🏼🙋🏻🙋
“화목한 청년들, 그들의 밴드 음악“
밴드 윾은 기타록과 팝 음악 사이의 친목을
도모하는 음악을 하고있다.
마이골든에이지 (@MYGOLDENAGE_OFFICIAL)⚡
스트레이트한 펑크비트위에 아련한 순간들을
녹여내는 Alter Punk / Pop Rock 밴드
🌾 공지사항NOTICE 🌾
본 공연은 선착순 입장, 스탠딩으로 진행됩니다.
본 공연일 이틀 전까지 취소 및 환불이 가능합니다.
연령확인을 위한 신분증 지참을 부탁드립니다."
2024년 9월 클럽빵 공연,Club 빵,2024-09-14,"코튼스틱, 끌림, 스키틀즈",images_real2\2024nyeon9wolkeulleobppanggongyeon_2024-09-14.jpg,추석을 앞두고~ #무이 #끌림 #모유 #지누콘다 #민광진 #박길수 #샐리에브리웨어 #메리헤이데이 #남경운밴드 #플레터 #다이퍼스 #잔류파 #루프텔 #최광일 #정안 #거품 #배유나 #클럽빵 #CLUBBBANG #INDIE #KINDIE #추석즐겁게보내세요~
2024년 9월 클럽빵 공연,Club 빵,2024-09-13,"메리헤이데이, 무이, 남경운밴드, 샐리에브리웨어",images_real2\2024nyeon9wolkeulleobppanggongyeon_2024-09-13.jpg,추석을 앞두고~ #무이 #끌림 #모유 #지누콘다 #민광진 #박길수 #샐리에브리웨어 #메리헤이데이 #남경운밴드 #플레터 #다이퍼스 #잔류파 #루프텔 #최광일 #정안 #거품 #배유나 #클럽빵 #CLUBBBANG #INDIE #KINDIE #추석즐겁게보내세요~
Rockin Thuraday,Club FF,2024-09-12,"시나몬잼, Nahua, 도파민, 블랙우든도어",images_real2\RockinThuraday_2024-09-12.jpg,"Live Bands:
8:00pm 도파민
8:40pm 시나몬잼
9:20pm 블랙우든도어
10:00pm Nahua
불쾌한 신체 접촉 발생 시 즉시 퇴장이며 입장 제재 및 법적 조치 취해질 수 있습니다. 건강 한 클럽 문화를 위해 협조 부탁드립니다.
분실물 발생 시 영업시간 내에 직접 찾으러 와주시면 감사하겠습니다. 분실물 관련 DM 답장 어려우며 라커 미이용 분실물에 대해 책임져드리기 어렵습니다."
2024년 9월 클럽빵 공연,Club 빵,2024-09-12,"다이퍼스, 플러터, 루프텔, 잔류파",images_real2\2024nyeon9wolkeulleobppanggongyeon_2024-09-12.jpg,추석을 앞두고~ #무이 #끌림 #모유 #지누콘다 #민광진 #박길수 #샐리에브리웨어 #메리헤이데이 #남경운밴드 #플레터 #다이퍼스 #잔류파 #루프텔 #최광일 #정안 #거품 #배유나 #클럽빵 #CLUBBBANG #INDIE #KINDIE #추석즐겁게보내세요~
2024년 9월 클럽빵 공연,Club 빵,2024-09-11,"배유나, 최광일, 거품, 정안",images_real2\2024nyeon9wolkeulleobppanggongyeon_2024-09-11.jpg,추석을 앞두고~ #무이 #끌림 #모유 #지누콘다 #민광진 #박길수 #샐리에브리웨어 #메리헤이데이 #남경운밴드 #플레터 #다이퍼스 #잔류파 #루프텔 #최광일 #정안 #거품 #배유나 #클럽빵 #CLUBBBANG #INDIE #KINDIE #추석즐겁게보내세요~
2024년 9월 클럽빵 공연,Club 빵,2024-09-08,"전호권, 레이디버드, 레코다메, 피카",images_real2\2024nyeon9wolkeulleobppanggongyeon_2024-09-08.jpg,가을바람이 때때로 부는데 깜짝 놀라네요~ 흐름은 어쩌지ㅡ못하는듯~ 9월 클럽빵 많이 찾아주세요~ 음악가들과 밴드들이 정성껏 준비하고 있어요~ #어영부영호영 #고기민 #은해 #안주원 #레코다메 #피카 #레이디버드 #전호권 #13칠드런 #9B2 #따뜻한말한마디 #코지앤노이지 #아스프드 #서스테인 #조이풀언더웨어 #엑시즘 #클럽빵 #CLUBBBANG #INDIE #KINDIE #BANDLIVE #SINGERSONGWRITER #포그 #리니어 #급한노새
20224.06.01_동인천 아트큐브,미정,2024-09-08,13CHILDREN,images_real2\202240601dongincheonateukyubeu_2024-09-08.jpg,정보를 추가해 주세요
KOOL-AID,Club FF,2024-09-07,"뉴클리어 이디엇츠, 데이로터스, 크랙베리",images_real2\KOOLAID_2024-09-07.jpg,".
KOOL-AID @FF
2024/09/07(SAT) 8:50 PM
Live Bands:
8:50pm 데이로터스 @OFFICIAL_DAYLOTUS
9:35pm #크랙베리 @BANDCRACKBERRY
10:20pm #뉴클리어이디엇츠 @NUCLEAR_IDIOTS_OFFICIAL
<Metalcore/Kawaii Metal>
Cover : 30,000 won (Only Door)
.티켓팅은 예매 없이 클럽 도어에서 현매로만 진행됩니다.
.도어 오픈 은 공연 시작 30분 전이며 상황에 따라 달라질 수 있습니다.
.입장은 도어 오픈 기점으로 현장 계시는 분 순차 입장입니다. (가방 등 본인 외 줄은 인정되지 않으며 가방 분실 시 책임져드리기 어렵습니다.)
. 불쾌한 신체 접촉 발생 시 즉시 퇴장이며 입장 제재 및 법적 조치 취해질 수 있습니다. 건강 한 클럽 문화를 위해 협조 부탁드립니다.
.분실물 발생 시 영업시간 내에 직접 찾으러 와주시면 감사하겠습니다. 분실물 관련 DM 답장 어려우며 라커 미이용 분실물에 대해 책임져드리기 어렵습니다.
#홍대클럽#엪엪#CLUBFF#클럽FF#라이브클럽#락클럽#홍대인디밴드#LIVECLUB#ROCKBAND#인디밴드#INDIECLUB#ROCKDJ#밴드공연#인디공연#홍대인디#홍대공연#홍대맛집#홍대데이트코스#음악맛집#클럽공연#케이락"
2024.09.07 성우레더스테이지,성우레더스테이지,2024-09-07,"시골, 13CHILDREN, SURF",images_real2\20240907seonguledeoseuteiji_2024-09-07.jpg,2024.09.07 성우레더스테이지
2024년 9월 클럽빵 공연,Club 빵,2024-09-07,"리니어, FOG, 급한노새",images_real2\2024nyeon9wolkeulleobppanggongyeon_2024-09-07.jpg,가을바람이 때때로 부는데 깜짝 놀라네요~ 흐름은 어쩌지ㅡ못하는듯~ 9월 클럽빵 많이 찾아주세요~ 음악가들과 밴드들이 정성껏 준비하고 있어요~ #어영부영호영 #고기민 #은해 #안주원 #레코다메 #피카 #레이디버드 #전호권 #13칠드런 #9B2 #따뜻한말한마디 #코지앤노이지 #아스프드 #서스테인 #조이풀언더웨어 #엑시즘 #클럽빵 #CLUBBBANG #INDIE #KINDIE #BANDLIVE #SINGERSONGWRITER #포그 #리니어 #급한노새
’Hullabaloo’ Vol.4,Bender,2024-09-07,"극동아시아타이거즈, 더사운드, 적란운",images_real2\HullabalooVol4_2024-09-07.jpg,"THE SOUND PRESENTS
THE SOUND의 기획 시리즈!
’Hullabaloo’ Vol.4
9월7일(토)저녁 6시 홍대 BENDER에서 열립니다!
‘얼터니티브’ 음악을 사랑한다면,
누구든지 공연을 즐기고 놀 수 있는 최고의 기회!
그리고!!학생 할인까지!
🎫8월 5일(월)낮 12시!
INTERPARK TICKET을 통해 예매를 시작합니다.
많은 성원 부탁드립니다!
📢[학생 할인 정보]
이번에도 THE SOUND가 얼터니티브 음악을 사랑하는 학생들을 위하여 특별 할인을 준비!!👍
학생 할인은 공연 당일 오직 현매로만 진행됩니다.
*학생기준 미성년자 + 학생증 보유중인 대학생 .
그리고 주류 구매시 무조건 신분증을 지참하셔야 합니다.
Line Up.
THE SOUND @THESOUNDKOR
FAR EAST ASIAN TIGERS @FAR_EAST_ASIAN_TIGERS
적란운 @ZEOKRANUN_OFFICIAL
「Hullabaloo」 Vol.3
2024.09.07(SAT)6PM
▪️TICKET 교환 및 현매 17:00/ OPEN 17:30
▪️SEOUL BENDER @BENDER_HONGDAE
▪️🎫예매/ADV 35,000원 현매/At Door 40,000원
🧢학생할인/STUDENT 오직 현매:20,000원
INTERPARK TICKET (8월5일(월)정오 오픈)
요즘 홍대 라이브 클럽에서 가장 즐겁다고 소문난!
더 사운드 주최의 ‘Hullabaloo’ 절대 놓치지 마세요!!🔥
•공연이 끝나면 벤더는 PUB으로 운영됩니다.
많은 이용 부탁드립니다!
#HULLABALOO #THESOUND #FAREASTASIANTIGERS #ZEOKRANUN #더사운드 #극동아시아타이거즈 #적란운 #BENDER #LIVE #라이브 #공연 #홍대 #홍대BENDER"
「School iDol Story Vol.1」,인피니티클럽,2024-09-07,미정,images_real2\SchooliDolStoryVol1_2024-09-07.jpg,"【NEXT EVENT】
러브라이브! 시리즈 온리 DJ 이벤트
드디어 오프라인 상륙🎉
어떤 이야기를 여러분들께 들려드릴지 기대해주세요!
「School iDol Story Vol.1」
📅 2024/09/07(SAT.) 14:00~
✔️ Seoul at 1nfinity club【School iDol Story】 1st LoveLive!
2024.09.07 14:00~ 2024.09.07 18:00
1nfinity club @ Seoul, Korea
서울 서대문구 연세로7안길 34-3 지하1층
Guest VDJs : WARP, Humit, LuA,
Releng, μ’sforever, KDM
Regulars : Mê, Unmei, HKC
참가 가능 연령대 : 20세 이상(성인) - 입장 시 신분증을 확인합니다
예매 : @1NFNTCLB 프로필 링크트리"
Miss Summer,미정,2024-09-06,"급한노새, 에디앤더브릭스, 난파란",images_real2\MissSummer_2024-09-06.jpg,"드디어, Eddie and the Bricks 1st EP 'Ms. Summer' 발매 기념 기획 공연을 선보입니다!
‘Ms.Summer' EP 수록곡, 에디 개인 앨범, 그리고 아직 공연에 선보이지 않은 곡들을 포함해 공연을 보신 분들과 못 보신 분들도 모두 함께 즐기실 수 있는 공연이 될 예정입니다.
이번 공연은 난파란, 급한노새 게스트 분들과 함께합니다.
가을의 초입에 다같이 모여 유난히 뜨거웠던 이번 여름에게 인사를 건네보아요! 👋
일시 : 2024/09/06(Fri) 8pm
(Door Open 7:30 pm)
장소 : 사운드마인드
(서울 관악구 낙성대로 14 지하)
Guest
급한노새 @ROSAI.IN.HURRY
난파란 @BAND_NANPARAN_OFFICIAL
Ticket : Adv 33,000 / At Door 40,000(KRW)"
2024년 9월 클럽빵 공연,Club 빵,2024-09-06,"13CHILDREN, 따뜻한 말 한마디, 코지앤노이지, 9B2",images_real2\2024nyeon9wolkeulleobppanggongyeon_2024-09-06.jpg,가을바람이 때때로 부는데 깜짝 놀라네요~ 흐름은 어쩌지ㅡ못하는듯~ 9월 클럽빵 많이 찾아주세요~ 음악가들과 밴드들이 정성껏 준비하고 있어요~ #어영부영호영 #고기민 #은해 #안주원 #레코다메 #피카 #레이디버드 #전호권 #13칠드런 #9B2 #따뜻한말한마디 #코지앤노이지 #아스프드 #서스테인 #조이풀언더웨어 #엑시즘 #클럽빵 #CLUBBBANG #INDIE #KINDIE #BANDLIVE #SINGERSONGWRITER #포그 #리니어 #급한노새
Thuraday Vibe,Club FF,2024-09-05,"물결, 나타샤, 나중에, 앤썸밴드",images_real2\ThuradayVibe_2024-09-05.jpg,".
Thuraday Vibe@FF
2024/09/05 (THU) 8:00pm
Live Bands:
8:00pm #앤썸밴드
8:40pm #물결
9:20pm #나중에
10:00pm #나타샤
<IndiePop/IndieRock/PopRock/AlternativeRock>
Cover : 20,000 won (Only Door)
.티켓팅은 예매 없이 클럽 도어에서 현매로만 진행됩니다.
.도어 오픈 은 공연 시작 30분 전이며 상황에 따라 달라질 수 있습니다.
.입장은 도어 오픈 기점으로 현장 계시는 분 순차 입장입니다. (가방 등 본인 외 줄은 인정되지 않으며 가방 분실 시 책임져드리기 어렵습니다.)
. 불쾌한 신체 접촉 발생 시 즉시 퇴장이며 입장 제재 및 법적 조치 취해질 수 있습니다. 건강 한 클럽 문화를 위해 협조 부탁드립니다.
.분실물 발생 시 영업시간 내에 직접 찾으러 와주시면 감사하겠습니다. 분실물 관련 DM 답장 어려우며 라커 미이용 분실물에 대해 책임져드리기 어렵습니다.
#홍대클럽#엪엪#CLUBFF#클럽FF#라이브클럽#락클럽#홍대인디밴드#LIVECLUB#ROCKBAND#인디밴드#INDIECLUB#ROCKDJ#밴드공연#인디공연#홍대인디#홍대공연#홍대맛집#홍대데이트코스#음악맛집#클럽공연#케이락"
서울 어쿠스틱 SEOUL ACOUSTIC 2024,KT&G 상상마당 홍대 라이브홀,2024-09-05,"천용성, 정밀아, 오드트리, 여행스케치, 비더보이스",media/myarticleimage/image_0910default_profile.jpg,"🎸 [SEOUL ACOUSTIC 2024] 라인업 공개 및 티켓 오픈 예고 🎸
도심 속에서 펼쳐지는 어쿠스틱 페스티벌의 얼리어답터가 되실 분들은 모두 주목!
<SEOUL ACOUSTIC 2024>의 티켓이 ✨인터파크에서 7월 18일 오후 2시✨에 오픈됩니다!
뜨거운 여름의 끝자락, 숨겨둔 감성을 깨우는 여유롭고 편안한 멜로디를 만끽해보세요. 🌅✨
""언젠가 바람은 솔솔 불거야~"" 🍃
🎟 공연 시간 및 라인업
9월 5일 (목) 오후 7시 반: 천용성, 오드트리
9월 6일 (금) 오후 7시 반: 정밀아, 여행스케치, 비더보이스
📍 장소: KT&G 상상마당 홍대 라이브홀
🔗 공연 정보 링크 바로가기: https://www.instagram.com/seoulacoustic (@SEOULACOUSTIC)"
2024년 9월 클럽빵 공연,Club 빵,2024-09-05,"서스테인, 조이풀언더웨어, 아스프드, 엑시즘",images_real2\2024nyeon9wolkeulleobppanggongyeon_2024-09-05.jpg,가을바람이 때때로 부는데 깜짝 놀라네요~ 흐름은 어쩌지ㅡ못하는듯~ 9월 클럽빵 많이 찾아주세요~ 음악가들과 밴드들이 정성껏 준비하고 있어요~ #어영부영호영 #고기민 #은해 #안주원 #레코다메 #피카 #레이디버드 #전호권 #13칠드런 #9B2 #따뜻한말한마디 #코지앤노이지 #아스프드 #서스테인 #조이풀언더웨어 #엑시즘 #클럽빵 #CLUBBBANG #INDIE #KINDIE #BANDLIVE #SINGERSONGWRITER #포그 #리니어 #급한노새
2024년 9월 클럽빵 공연,Club 빵,2024-09-04,"어영부영호영, 은해, 안주원, 고기민",images_real2\2024nyeon9wolkeulleobppanggongyeon_2024-09-04.jpg,가을바람이 때때로 부는데 깜짝 놀라네요~ 흐름은 어쩌지ㅡ못하는듯~ 9월 클럽빵 많이 찾아주세요~ 음악가들과 밴드들이 정성껏 준비하고 있어요~ #어영부영호영 #고기민 #은해 #안주원 #레코다메 #피카 #레이디버드 #전호권 #13칠드런 #9B2 #따뜻한말한마디 #코지앤노이지 #아스프드 #서스테인 #조이풀언더웨어 #엑시즘 #클럽빵 #CLUBBBANG #INDIE #KINDIE #BANDLIVE #SINGERSONGWRITER #포그 #리니어 #급한노새
𝟮𝟬𝟮𝟰 𝗠𝗨𝗦𝗘 𝗢𝗡 𝗟𝗜𝗩𝗘 𝗪𝗘𝗘𝗞,무신사개러지,2024-09-04,"이승윤, 라쿠나, 터치드, 크라잉넛, 민채영, 연정, SURL, Red C, 김승주, 원위, 김늑, g0nny, Otis Lim, 삼산, Ejel",images_real2\_2024-09-04.jpg,"ʃ 𝟮𝟬𝟮𝟰 𝗠𝗨𝗦𝗘 𝗢𝗡 𝗟𝗜𝗩𝗘 𝗪𝗘𝗘𝗞 ƪ
도심에서 펼쳐지는 5일간의 뮤직 페스티벌!
2024 뮤즈온 라이브 위크 라인업을 공개합니다
✶ 𝟮𝟬𝟮𝟰 𝗠𝗨𝗦𝗘 𝗢𝗡 𝗟𝗜𝗩𝗘 𝗪𝗘𝗘𝗞 ✶
◎ 일시: 2024.09.04(수) - 2024.09.08(일)
◎ 장소: 무신사 개러지
🎫티켓 오픈: 2024.08.09(금) 2PM
🎫예매처: YES24 티켓
🎫본 공연은 무료로 진행되며, 예매 시 수수료 2,000원이 발생합니다.
• 자세한 예매 및 공연 안내 사항은 뮤즈온 인스타그램(@_MUSE_ON)을 통해 추후 공지될 예정입니다
🔖𝗠𝗨𝗦𝗘 𝗢𝗡 𝗗𝗔𝗬 𝟭
↪ 2024.09.04 (수) 19:30
크라잉넛 (@CRYING.NUT)
Red C (@REDCOFFICIAL)
터치드 (@TOUCHED_OFFICIAL)
🔖𝗠𝗨𝗦𝗘 𝗢𝗡 𝗗𝗔𝗬 𝟮
↪ 2024.09.05 (목) 19:30
라쿠나 (@BAND_LACUNA)
Otis Lim (@DLAGHTMD)
EJel (@EJEL.ZIP)
🔖𝗠𝗨𝗦𝗘 𝗢𝗡 𝗗𝗔𝗬 𝟯
↪ 2024.09.06 (금) 19:30
SURL (@SURLOFFICIAL)
연정 (@YEONDORIZ)
김늑 (@NKNKNKNKNKIM)
🔖𝗠𝗨𝗦𝗘 𝗢𝗡 𝗗𝗔𝗬 𝟰
↪ 2024.09.07 (토) 17:00
이승윤 (@BGSMSYL)
삼산 (@3SAN_OFFICIAL)
g0nny (@GONNYG0NNY)
🔖𝗠𝗨𝗦𝗘 𝗢𝗡 𝗗𝗔𝗬 𝟱
↪ 2024.09.08 (일) 17:00
원위 (@OFFICIAL_ONEWE)
민채영 (@MIN_CLOUDIA)
김승주 (@ABOUTTOIDI)
#한국콘텐츠진흥원 #KOCCA
#뮤즈온 #뮤즈온2024 #MUSEON
#뮤즈온라이브위크 #뮤즈온데이 #MUSEONDAY
#김승주 #EJEL #REDC #삼산 #민채영
#OTISLIM #터치드 #G0NNY #연정 #김늑
#크라잉넛 #라쿠나 #SURL #이승윤 #ONEWE"
LALALA ON,Club 빵,2024-09-03,"오드, 황영원, 신설희",images_real2\LALALAON_2024-09-03.jpg,#라라라온 #오드 #신설희 #황영원 #클럽빵 #CLUBBBANG #소규모공연장
가을의 노래,Club 빵,2024-09-01,"윤도경, 김목인, 생각의여름",images_real2\gaeuluinolae_2024-09-01.jpg,"태풍이 하나 가고~ 덥고습한 날씨지만
큰 움직임은 가을로~
9월 첫 공연은 음악가 셋~
닮은듯 다른, 분명한 자기 목소리를 내는
세 음악가를 넉넉하게 만나봐요
9월1일 18:30~
예매 3만원, 현매 3.5만원
#윤도경
#김목인
#생각의여름
#클럽빵 #CLUBBBANG #INDIE #FOLK #SINGERSONGWRITER"
맥거핀(MGFF) MONOPOLY - 부산,오방가르드,2024-09-01,맥거핀,images_real2\maeggeopinMGFFMONOPOLYbusan_2024-09-01.jpg,"EP [SUPERGREEN] 발매 기념 라이브 투어🍃
형언할 수 없는 그런 계절 여름. 부서지는 녹색을 담으면 뭐가 들릴까?
작지만 커다란 세상에서 함께 주사위를 굴려보자🎲
공연제목 : 맥거핀(MGFF) MONOPOLY - 부산
오픈공지 : 2024년 08월 12일 월요일 정오
예매오픈 : 2024년 08월 20일 화요일 오후 8시
공연일시 : 2024년 09월 01일 일요일 오후 6시
공연장소 : 부산 오방가르드 (부산 남구 용소로7번길 15-1 지하)
관람방식 : 전석 스탠딩 (60석)
관람등급 : 전체관람가
관람시간 : 90분
주최 / 주관 : 맥거핀(MGFF)
문의 : 인스타그램 @MGFF_OFFICIAL DM"
CLUB FF 20th Anniversary !!!!,Club FF,2024-09-01,"차세대, 불고기디스코, 프랭클리, 달담, 서울전자음악단, 크리스피, 무드",images_real2\CLUBFF20thAnniversary_2024-09-01.jpg,"2004년.. 홍대 앞에 최초로 Live 와 DJ 파티가 둘 다 가능한 클럽으로 오픈한 클럽 FF.. 어느덧 20주년이 됐습니다.
2005년 여름에 록 클럽을 본격적으로 표방하기 시작했고. 맨체스터 하시엔다 클럽과 Sonic Youth의 Dirty Boots 뮤직비디오에 나오는 젊음이 넘치는 클럽 분위기를 막연히 동경했으며 록 음악을 통해서 자유분방한 클럽 놀이 문화를 만들고 싶었습니다.
하지만 이상과 현실 사이의 괴리감은 항상 있었고 .. 일련의 과정 속에서 부족함은 늘 많았었습니다.. 그럼에도 불구하고 많은 분들이 도와주시고 아껴주시고 사랑해 주신 덕분에 많은 역경과 고난을 무사히 잘 이겨내고 드디어 20주년을 맞이하게 됐습니다.
그냥 마냥 고마울 따름이고요.ㅠㅠ
이번 20주년 파티를 빛내주시는 밴드분들 당연히 너무너무 큰 감사를 드리고 싶습니다.. 그뿐만 아니라
그동안 함께 해온 수많은 밴드님들, 디제이님들, FF스탭님들이 에프에프를 빛내주신 덕분에 홍대 앞 메인 상권에서 20년을 버틸 수 있었습니다.
특히 제가 하고자 하는 것을 옆에서 묵묵히 열심히 응원해 주시고 힘들 때마다 물심양면으로 도와 주신 전 클럽 FF 대표님 이 시자 건물주이신 루이스 대표님께 이 자리를 빌려서 진심으로 큰 감사를 드리고 싶습니다.~
언젠가는 FF 가 없어지더라도 홍대 앞 인디씬 문화를 좋아했던 사람들에게 한켠에 좋은 추억으로 자리 잡길 간절히 바래봅니다…
클럽 FF 20주년 파티! 많이들 축하하러 오실 거죠? ^^
클럽FF 대표 에디황 올림 -
<hr>
CLUB FF 20th Anniversary !!!!
8/29,30,31,9/1 (4일간, 목금토일)
8/29 (Thu) 7pm
크라잉넛 @CRYING.NUT
구남과여라이딩스텔라 @GOONAM_OFFICIAL
스트레이터스 (with 태선리) @STRAIGHTERS_OFFICIAL @_TAESUN.LEE
이날치 @LEENALCHI
킹스턴루디스카 @KINGSTONRUDIESKA
8/30 (Fri) 5:30pm
로맨틱펀치 @RP_OFFICIAL1
9001 @9001.OFFICIAL
더 베인 @THEVANE_OFFICIAL
맥거핀 @MGFF_OFFICIAL
악퉁 @ACHTUNG_CHEWSUP
오프더메뉴 @OTMSOUND
적란운 @ZEOKRANUN_OFFICIAL
8/31 (Sat) 5pm
갤럭시익스프레스 @GALAXY_EXPRESS_OFFICIAL
극동아시아타이거즈 @FAR_EAST_ASIAN_TIGERS
내귀에 도청장치 @WIRETAP_OFFICIAL_INSTA
레드씨 @REDCOFFICIAL
아디오스오디오 @ADIOS_AUDIO_OFFICIAL
워킹애프터유 @WALKINGAFTERU
해리빅버튼 @HARRYBIGBUTTON
화노 @HWA_NHO
9/1 (Sun) 4pm
서울전자음악단 @SEOUL_ELECTRIC_BAND
달담 @BAND_DALDAM
무드 @BAND_MOOD_OFFICIAL_
불고기디스코 @BULGOGIDISCO
차세대 @NEWTAPE6
크리스피 @THECREESPY
프랭클리 @BAND_FRANKLY_BAND
Cover : 40000 won (Only Door, 미성년자 입장불가)
공연시작 시작 1시간 전에 오픈 합니다.
공연순서 및 타임테이블은 8/23 금요일에 공개합니다.
.티켓팅은 예매 없이 클럽 도어에서 현매로만 진행됩니다.
.도어 오픈 은 공연 시작 1시간 전이며 상황에 따라 달라질 수 있습니다.
.입장은 도어 오픈 기점으로 현장 계시는 분 순차 입장입니다. (가방 등 본인 외 줄은 인정되지 않으며 가방 분실 시 책임져드리기 어렵습니다.)
. 불쾌한 신체 접촉 발생 시 즉시 퇴장이며 입장 제재 및 법적 조치 취해질 수 있습니다. 건강 한 클럽 문화를 위해 협조 부탁드립니다.
.분실물 발생 시 영업시간 내에 직접 찾으러 와주시면 감사하겠습니다. 분실물 관련 DM 답장 어려우며 라커 미이용 분실물에 대해 책임져드리기 어렵습니다.
.본 공연은 미성년자 관람이 어렵습니다.
.상황에 따라 입장 제한이 있을 수 있으니 관람에 참고 부탁드립니다.
#CLUBFF #클럽FF #에프에프 #엪엪 #FF20주년 #홍대클럽 #HONGDAE
#인디밴드#클공 #밴드공연 #인디락 #ROCKCLUB #ANNIVERSARY"
2024.08.31 베비스,미정,2024-08-31,13CHILDREN,images_real2\20240831bebiseu_2024-08-31.jpg,정보를 추가해 주세요
우리는 모두 친구,미정,2024-08-31,"이디어츠, 더 바스타즈, 샐리에브리웨어, 꼬메무스 누벵",images_real2\ulineunmoduchingu_2024-08-31.jpg,"We are all friends!
<우리는 모두 친구>
부산과 서울, 우리는 모두 친구!
서울의 이디어츠!, 샐리에브리웨어와 부산의 더바스타즈, 거제의 꼬메무스누벵이 친구 사귀러 유기체에 왔습니다. 남녀노소, 밴드와 관객, 서울과 부산의 벽을 허물고 모두가 친구 되어 춤을 춥시다.
라인업
이디어츠! @IDIOTS.BAND
더바스타즈 @THEVASTARDS_OFFICIAL
샐리에브리웨어 @SALLY_EVERYWHERE_
꼬메무스누벵 @COMEMOS_NUVEM
일시 : 2024년 8월 31일 밤 7시
장소 : 부산 유기체 @YUGUICHE
입장료 : 예매 2만5천원 / 현매 3만원
예매링크 : https://naver.me/FdCjxSmS (프로필 링크 참고)
예매취소는 공연 당일로부터 3일전까지 가능합니다.
전석 스탠딩으로 진행됩니다.
poster by @_CHARITYLYNN_"
클럽헤비 라이브,대구클럽헤비,2024-08-31,"가을정원, 팁시, 시나몬잼",images_real2\keulleobhebilaibeu_2024-08-31.jpg,"24/8/31 미리 입금하시구 오시면 너무감사요😘
🌸🩷🌸🩷🌸🩷🌸"
모스힐 X EWE [MossWorm : the unknown species],오방가르드,2024-08-31,"모스힐, EWE (Erøtic Wørms Exhibitiøn)",images_real2\moseuhilXEWEMossWormtheunknownspecies_2024-08-31.jpg,"⛰️모스힐 X EWE [MossWorm : the unknown species]🪱
모스힐과 EWE의 만남으로 등장한 미지의 생명체
’모스웜‘이 꿈틀거리기 시작했습니다. 🫨
놀랍고 새로운 발견을 자축하며 학자들이 개발한
시그니처 칵테일과 함께하세요.🍸
그럼 8/31 토요일 오후 7시 미지와의 조우 👻
[공연정보]
⛰️ 일시 DATE : 2024.08.31 (Sat) 7:00pm
입장시간 DOOR OPEN : 6:00
🪱 장소 VENUE : 오방가르드 @OVANTGARDE
(부산광역시 남구 용소로 7번길 15-1, B1)
🪱 러닝타임 : 120분
[라인업]
▼모스힐⛰️ @MOSSHILL_THEBAND
강인한 초록의 생명력, 얼터너티브 록밴드 모스힐.
▼Erøtic Wørms Exhibitiøn 🪱 @EROTICWORMSXXHIBITION
사랑과 증오, 잠들기 전의 상상을 담은 인디 팝 밴드
에로틱웜즈익스히비션.
✅공지사항 Notice ✅
신분증 필참, 공연 당일 신분증 검사가 있습니다.
(성인분들은 종이 팔찌 착용 후 주류 구매 하셔야 합니다.)
입금 후 24시간 내에 확인 문자를 드립니다.
공연 당일 선착순 입장입니다.
예매 취소 및 환불은 공연 이틀 전까지 가능합니다.
(2024.08.30 이후 취소 및 환불 불가 🚫)
공연 중 장내 외부 주류 및 음료 반입을 금지합니다.
✅청소년 공지사항 Notice ✅
학생증 필참, 공연 당일 입구에서 학생증 검사가 있습니다.
음료와 주스류는 구매 가능합니다.
청소년은 밤 10시에 퇴장하셔야 합니다.
문의 @MOSSHILL_THEBAND
포스터 디자인 @ANINOWKNO"
조용한 여름 우거진 노래들,Club 빵,2024-08-31,"민광진, 신잔디, 여름눈",images_real2\joyonghanyeoleumugeojinnolaedeul_2024-08-31.jpg,"떠나는여름 오는가을~
계절을 부르는 노래~
특별한 음악가 셋이
8월 여름의 마지막 공연을
풍성하게 만듭니다
여름눈은 듀엣~
#민광진
#신잔디
#여름눈
#클럽빵 #CLUBBBANG #INDIE #KINDIE #SINGERSONGWRITER"
A.O.R CRAZY SATURDAY,A.O.R,2024-08-31,"도그 라스트 페이지, 뉴클리어 이디엇츠, 디에이팝, 티어드랍, 브로큰 발렌타인, 바세린",images_real2\AORCRAZYSATURDAY_2024-08-31.jpg,"A.O.R CRAZY SATURDAY
2024.08.31(토) 06:30pm~
0630~ 도그라스트페이지 DOG LAST PAGE
0710~ 티어드랍 TEARDROP
0750~ 에이팝 THE APOP
0830~ 뉴클리어이디엇츠 NUCLEAR IDIOTS
0910~ 바세린 VASSLINE
0950~ 브로큰발렌타인 BROKEN VALENTINE
■ 티켓 ■
예매기간: 08/26(월) 오후 2시 ~ 08/30(금) 오후 8시
예매 35,000원
현매 40,000원
카카오뱅크 3333-16-366-9007 김x영
★ 예매 방법
이체 후 10분 내 예매문자 전송
1인 3매 제한
예매기간 전 이체 시 마지막 번호로 배정됩니다.
(별도 안내드리지않습니다.)
공연날짜/성함/매수/응원하는팀 -> 문자 발송 후 예매번호 받기
내용) 0831/홍길동/2매/응원하는팀명
문의: 010-5135-5248 (문자)
공연팀과의 인사는 모든 공연이 종료된 후 진행바랍니다.
※ 주차불가"
CLUB FF 20th Anniversary !!!!,Club FF,2024-08-31,"극동아시아타이거즈, 갤럭시 익스프레스, 아디오스오디오, 해리빅버튼, 워킹애프터유, 내귀에도청장치, 화노, Red C",images_real2\CLUBFF20thAnniversary_2024-08-31.jpg,"2004년.. 홍대 앞에 최초로 Live 와 DJ 파티가 둘 다 가능한 클럽으로 오픈한 클럽 FF.. 어느덧 20주년이 됐습니다.
2005년 여름에 록 클럽을 본격적으로 표방하기 시작했고. 맨체스터 하시엔다 클럽과 Sonic Youth의 Dirty Boots 뮤직비디오에 나오는 젊음이 넘치는 클럽 분위기를 막연히 동경했으며 록 음악을 통해서 자유분방한 클럽 놀이 문화를 만들고 싶었습니다.
하지만 이상과 현실 사이의 괴리감은 항상 있었고 .. 일련의 과정 속에서 부족함은 늘 많았었습니다.. 그럼에도 불구하고 많은 분들이 도와주시고 아껴주시고 사랑해 주신 덕분에 많은 역경과 고난을 무사히 잘 이겨내고 드디어 20주년을 맞이하게 됐습니다.
그냥 마냥 고마울 따름이고요.ㅠㅠ
이번 20주년 파티를 빛내주시는 밴드분들 당연히 너무너무 큰 감사를 드리고 싶습니다.. 그뿐만 아니라
그동안 함께 해온 수많은 밴드님들, 디제이님들, FF스탭님들이 에프에프를 빛내주신 덕분에 홍대 앞 메인 상권에서 20년을 버틸 수 있었습니다.
특히 제가 하고자 하는 것을 옆에서 묵묵히 열심히 응원해 주시고 힘들 때마다 물심양면으로 도와 주신 전 클럽 FF 대표님 이 시자 건물주이신 루이스 대표님께 이 자리를 빌려서 진심으로 큰 감사를 드리고 싶습니다.~
언젠가는 FF 가 없어지더라도 홍대 앞 인디씬 문화를 좋아했던 사람들에게 한켠에 좋은 추억으로 자리 잡길 간절히 바래봅니다…
클럽 FF 20주년 파티! 많이들 축하하러 오실 거죠? ^^
클럽FF 대표 에디황 올림 -
<hr>
CLUB FF 20th Anniversary !!!!
8/29,30,31,9/1 (4일간, 목금토일)
8/29 (Thu) 7pm
크라잉넛 @CRYING.NUT
구남과여라이딩스텔라 @GOONAM_OFFICIAL
스트레이터스 (with 태선리) @STRAIGHTERS_OFFICIAL @_TAESUN.LEE
이날치 @LEENALCHI
킹스턴루디스카 @KINGSTONRUDIESKA
8/30 (Fri) 5:30pm
로맨틱펀치 @RP_OFFICIAL1
9001 @9001.OFFICIAL
더 베인 @THEVANE_OFFICIAL
맥거핀 @MGFF_OFFICIAL
악퉁 @ACHTUNG_CHEWSUP
오프더메뉴 @OTMSOUND
적란운 @ZEOKRANUN_OFFICIAL
8/31 (Sat) 5pm
갤럭시익스프레스 @GALAXY_EXPRESS_OFFICIAL
극동아시아타이거즈 @FAR_EAST_ASIAN_TIGERS
내귀에 도청장치 @WIRETAP_OFFICIAL_INSTA
레드씨 @REDCOFFICIAL
아디오스오디오 @ADIOS_AUDIO_OFFICIAL
워킹애프터유 @WALKINGAFTERU
해리빅버튼 @HARRYBIGBUTTON
화노 @HWA_NHO
9/1 (Sun) 4pm
서울전자음악단 @SEOUL_ELECTRIC_BAND
달담 @BAND_DALDAM
무드 @BAND_MOOD_OFFICIAL_
불고기디스코 @BULGOGIDISCO
차세대 @NEWTAPE6
크리스피 @THECREESPY
프랭클리 @BAND_FRANKLY_BAND
Cover : 40000 won (Only Door, 미성년자 입장불가)
공연시작 시작 1시간 전에 오픈 합니다.
공연순서 및 타임테이블은 8/23 금요일에 공개합니다.
.티켓팅은 예매 없이 클럽 도어에서 현매로만 진행됩니다.
.도어 오픈 은 공연 시작 1시간 전이며 상황에 따라 달라질 수 있습니다.
.입장은 도어 오픈 기점으로 현장 계시는 분 순차 입장입니다. (가방 등 본인 외 줄은 인정되지 않으며 가방 분실 시 책임져드리기 어렵습니다.)
. 불쾌한 신체 접촉 발생 시 즉시 퇴장이며 입장 제재 및 법적 조치 취해질 수 있습니다. 건강 한 클럽 문화를 위해 협조 부탁드립니다.
.분실물 발생 시 영업시간 내에 직접 찾으러 와주시면 감사하겠습니다. 분실물 관련 DM 답장 어려우며 라커 미이용 분실물에 대해 책임져드리기 어렵습니다.
.본 공연은 미성년자 관람이 어렵습니다.
.상황에 따라 입장 제한이 있을 수 있으니 관람에 참고 부탁드립니다.
#CLUBFF #클럽FF #에프에프 #엪엪 #FF20주년 #홍대클럽 #HONGDAE
#인디밴드#클공 #밴드공연 #인디락 #ROCKCLUB #ANNIVERSARY"
8월 해질녘 콘서트 - 여름의 끝 by겸(GYE0M),북두칠성도서관 아트훌,2024-08-31,겸,images_real2\8wolhaejilnyeokkonseoteuyeoleumuikkeutbygyeomGYE0M_2024-08-31.jpg,"8월 해질녘 콘서트 - 여름의 끝 by겸(GYE0M)
공연일시 : 8.31 (토) 오후 5시
공연장소 : 북두칠성도서관 아트훌
관람연령 : 중학생 이상
**무료공연
예약기간 : 8. 14(수) 오전 10시 ~ 8. 30(금) 오후 6시
예약정원 : 선착순 100명
예약방법 : '북두칠성도서관' 카카오톡 1:1 채팅
*예약기간 이전에 보낸 메시지는 예약에서 제외되오니 신청방법을 자세히 살펴보시고 예약 부탁드립니다.
*본 공연은 비지정 좌석 공연이며, 관객 입장은 현장 선착순 입장입니다. 상황에 따라 입석 관람이 될 수 있습니다.
문의는 카카오톡 채널 [북두칠성도서관] 으로 해 주시면 빠르게 답변 받으실 수 있습니다."
막주금라이브 Vol.32 [쓰다],Cafe PPnF,2024-08-30,쓰다,images_real2\magjugeumlaibeuVol32sseuda_2024-08-30.jpg,"#막주금라이브 Vol.32 [ #쓰다 ]
삶에 다가오는 것들 앞에 무력감을 느끼며, 앞에서는 미처 말하지 못했던 불안과 흔들림을 위로하며,
자꾸 설 자리를 잃어가는 '나'에 대한 것들을 노래하는 싱어송라이터 '쓰다' @XEUDAMUSIC
무더웠던 여름의 마지막 장을 쓰는, 8월의 마지막 주 금요일
8월 막주금라이브는 애쓰며 살아내는 삶을 위로와 공감으로 노래하며,
사랑을 쓰고 싶다는 싱어송라이터 ’쓰다‘ 와 함께 합니다.😎
⠀
📣 공연시간: 8/30(금) 저녁 8시
☕ 공연장소: cafe PPnF
(서울 종로구 성균관로 87, 효천아트센터 內 LF)
🏁 티켓오픈: 8/2(금) 오후 6시 (네이버 예매)
🎫 티켓: 22,000원 (1 Free Drink)
⠀
📌 <예매관련 공지>
본 공연장은 지정 좌석이 아닌, 입장 선착순 자율 좌석제 입니다.
관객 입장은 공연 시작 1시간 전(오후 7시)부터 가능합니다.
공연이 시작된 이후에는 지정된 시간 외 입장이 제한됩니다.
사전에 협의되지 않은, 전문장비를 동원한 사진 촬영, 영상 녹화 및 음원 녹취는 절대 불가합니다.
취소 및 환불은 예매처 규정을 참고하여 주십시오.
주차공간이 혼잡하오니, 대중교통을 이용해주시기 바랍니다.
🔗 예매링크: 프로필 링크 참고!
📞 문의: 02)3676-2353 (주)위드에이치씨
⠀
막주금라이브는 (주)위드에이치씨(withHC),
(주)더에이치컬쳐스 와 Cafe PPnF 가 함께 합니다.
⠀
Joy Together withHC -"
유다빈밴드 단독 콘서트 ‘FOUND OUT’,무신사개러지,2024-08-30,미정,images_real2\yudabinbaendeudandogkonseoteuFOUNDOUT_2024-08-30.jpg,"유다빈밴드 단독 콘서트 ‘FOUND OUT’
보편적인 행복을 마주하는 오늘 이 순간.
기억 너머의 황홀함을 간직할 수 있도록,
좋은 날도 흐린 날도, 이번 여름의 끝자락에
유다빈밴드가 여러분에게 선물하는 공연이 되었으면 해요.
행복의 실마리를 따라 도착한 축제 같은 이곳!
또 다시, FOUND OUT!
공연 장소: 무신사 개러지
공연 일정: .08.30(금)-09.01(일) / 금 8PM 토 6PM 일 5PM
티켓 오픈: 07.08(월) 7PM @인터파크 티켓
티켓 가격: 전석 스탠딩 88,000원
더 자세한 정보는 유다빈밴드 공식 SNS계정 (@YDBBAND)에서 확인하실 수 있습니다!"
막주금라이브 Vol.32 [쓰다],Cafe PPnF,2024-08-30,쓰다,images_real2\magjugeumlaibeuVol32sseuda_2024-08-30.jpg,"#막주금라이브 Vol.32 [ #쓰다 ]
삶에 다가오는 것들 앞에 무력감을 느끼며, 앞에서는 미처 말하지 못했던 불안과 흔들림을 위로하며,
자꾸 설 자리를 잃어가는 '나'에 대한 것들을 노래하는 싱어송라이터 '쓰다' @XEUDAMUSIC
무더웠던 여름의 마지막 장을 쓰는, 8월의 마지막 주 금요일
8월 막주금라이브는 애쓰며 살아내는 삶을 위로와 공감으로 노래하며,
사랑을 쓰고 싶다는 싱어송라이터 ’쓰다‘ 와 함께 합니다.😎
⠀
📣 공연시간: 8/30(금) 저녁 8시
☕ 공연장소: cafe PPnF
(서울 종로구 성균관로 87, 효천아트센터 內 LF)
🏁 티켓오픈: 8/2(금) 오후 6시 (네이버 예매)
🎫 티켓: 22,000원 (1 Free Drink)
⠀
📌 <예매관련 공지>
본 공연장은 지정 좌석이 아닌, 입장 선착순 자율 좌석제 입니다.
관객 입장은 공연 시작 1시간 전(오후 7시)부터 가능합니다.
공연이 시작된 이후에는 지정된 시간 외 입장이 제한됩니다.
사전에 협의되지 않은, 전문장비를 동원한 사진 촬영, 영상 녹화 및 음원 녹취는 절대 불가합니다.
취소 및 환불은 예매처 규정을 참고하여 주십시오.
주차공간이 혼잡하오니, 대중교통을 이용해주시기 바랍니다.
🔗 예매링크: 프로필 링크 참고!
📞 문의: 02)3676-2353 (주)위드에이치씨
⠀
막주금라이브는 (주)위드에이치씨(withHC),
(주)더에이치컬쳐스 와 Cafe PPnF 가 함께 합니다.
⠀
Joy Together withHC -"
CLUB FF 20th Anniversary !!!!,Club FF,2024-08-30,"오프더메뉴, 악퉁, 맥거핀, 9001, 더베인, 로맨틱펀치, 적란운",images_real2\CLUBFF20thAnniversary_2024-08-30.jpg,"2004년.. 홍대 앞에 최초로 Live 와 DJ 파티가 둘 다 가능한 클럽으로 오픈한 클럽 FF.. 어느덧 20주년이 됐습니다.
2005년 여름에 록 클럽을 본격적으로 표방하기 시작했고. 맨체스터 하시엔다 클럽과 Sonic Youth의 Dirty Boots 뮤직비디오에 나오는 젊음이 넘치는 클럽 분위기를 막연히 동경했으며 록 음악을 통해서 자유분방한 클럽 놀이 문화를 만들고 싶었습니다.
하지만 이상과 현실 사이의 괴리감은 항상 있었고 .. 일련의 과정 속에서 부족함은 늘 많았었습니다.. 그럼에도 불구하고 많은 분들이 도와주시고 아껴주시고 사랑해 주신 덕분에 많은 역경과 고난을 무사히 잘 이겨내고 드디어 20주년을 맞이하게 됐습니다.
그냥 마냥 고마울 따름이고요.ㅠㅠ
이번 20주년 파티를 빛내주시는 밴드분들 당연히 너무너무 큰 감사를 드리고 싶습니다.. 그뿐만 아니라
그동안 함께 해온 수많은 밴드님들, 디제이님들, FF스탭님들이 에프에프를 빛내주신 덕분에 홍대 앞 메인 상권에서 20년을 버틸 수 있었습니다.
특히 제가 하고자 하는 것을 옆에서 묵묵히 열심히 응원해 주시고 힘들 때마다 물심양면으로 도와 주신 전 클럽 FF 대표님 이 시자 건물주이신 루이스 대표님께 이 자리를 빌려서 진심으로 큰 감사를 드리고 싶습니다.~
언젠가는 FF 가 없어지더라도 홍대 앞 인디씬 문화를 좋아했던 사람들에게 한켠에 좋은 추억으로 자리 잡길 간절히 바래봅니다…
클럽 FF 20주년 파티! 많이들 축하하러 오실 거죠? ^^
클럽FF 대표 에디황 올림 -
<hr>
CLUB FF 20th Anniversary !!!!
8/29,30,31,9/1 (4일간, 목금토일)
8/29 (Thu) 7pm
크라잉넛 @CRYING.NUT
구남과여라이딩스텔라 @GOONAM_OFFICIAL
스트레이터스 (with 태선리) @STRAIGHTERS_OFFICIAL @_TAESUN.LEE
이날치 @LEENALCHI
킹스턴루디스카 @KINGSTONRUDIESKA
8/30 (Fri) 5:30pm
로맨틱펀치 @RP_OFFICIAL1
9001 @9001.OFFICIAL
더 베인 @THEVANE_OFFICIAL
맥거핀 @MGFF_OFFICIAL
악퉁 @ACHTUNG_CHEWSUP
오프더메뉴 @OTMSOUND
적란운 @ZEOKRANUN_OFFICIAL
8/31 (Sat) 5pm
갤럭시익스프레스 @GALAXY_EXPRESS_OFFICIAL
극동아시아타이거즈 @FAR_EAST_ASIAN_TIGERS
내귀에 도청장치 @WIRETAP_OFFICIAL_INSTA
레드씨 @REDCOFFICIAL
아디오스오디오 @ADIOS_AUDIO_OFFICIAL
워킹애프터유 @WALKINGAFTERU
해리빅버튼 @HARRYBIGBUTTON
화노 @HWA_NHO
9/1 (Sun) 4pm
서울전자음악단 @SEOUL_ELECTRIC_BAND
달담 @BAND_DALDAM
무드 @BAND_MOOD_OFFICIAL_
불고기디스코 @BULGOGIDISCO
차세대 @NEWTAPE6
크리스피 @THECREESPY
프랭클리 @BAND_FRANKLY_BAND
Cover : 40000 won (Only Door, 미성년자 입장불가)
공연시작 시작 1시간 전에 오픈 합니다.
공연순서 및 타임테이블은 8/23 금요일에 공개합니다.
.티켓팅은 예매 없이 클럽 도어에서 현매로만 진행됩니다.
.도어 오픈 은 공연 시작 1시간 전이며 상황에 따라 달라질 수 있습니다.
.입장은 도어 오픈 기점으로 현장 계시는 분 순차 입장입니다. (가방 등 본인 외 줄은 인정되지 않으며 가방 분실 시 책임져드리기 어렵습니다.)
. 불쾌한 신체 접촉 발생 시 즉시 퇴장이며 입장 제재 및 법적 조치 취해질 수 있습니다. 건강 한 클럽 문화를 위해 협조 부탁드립니다.
.분실물 발생 시 영업시간 내에 직접 찾으러 와주시면 감사하겠습니다. 분실물 관련 DM 답장 어려우며 라커 미이용 분실물에 대해 책임져드리기 어렵습니다.
.본 공연은 미성년자 관람이 어렵습니다.
.상황에 따라 입장 제한이 있을 수 있으니 관람에 참고 부탁드립니다.
#CLUBFF #클럽FF #에프에프 #엪엪 #FF20주년 #홍대클럽 #HONGDAE
#인디밴드#클공 #밴드공연 #인디락 #ROCKCLUB #ANNIVERSARY"
8월 빵공연,미정,2024-08-29,미정,images_real2\8wolppanggongyeon_2024-08-29.jpg,팔월구월~
CLUB FF 20th Anniversary !!!!,Club FF,2024-08-29,"크라잉넛, 이날치, 구남과여라이딩스텔라, 킹스턴 루디스카, 스트레이터스",images_real2\CLUBFF20thAnniversary_2024-08-29.jpg,"2004년.. 홍대 앞에 최초로 Live 와 DJ 파티가 둘 다 가능한 클럽으로 오픈한 클럽 FF.. 어느덧 20주년이 됐습니다.
2005년 여름에 록 클럽을 본격적으로 표방하기 시작했고. 맨체스터 하시엔다 클럽과 Sonic Youth의 Dirty Boots 뮤직비디오에 나오는 젊음이 넘치는 클럽 분위기를 막연히 동경했으며 록 음악을 통해서 자유분방한 클럽 놀이 문화를 만들고 싶었습니다.
하지만 이상과 현실 사이의 괴리감은 항상 있었고 .. 일련의 과정 속에서 부족함은 늘 많았었습니다.. 그럼에도 불구하고 많은 분들이 도와주시고 아껴주시고 사랑해 주신 덕분에 많은 역경과 고난을 무사히 잘 이겨내고 드디어 20주년을 맞이하게 됐습니다.
그냥 마냥 고마울 따름이고요.ㅠㅠ
이번 20주년 파티를 빛내주시는 밴드분들 당연히 너무너무 큰 감사를 드리고 싶습니다.. 그뿐만 아니라
그동안 함께 해온 수많은 밴드님들, 디제이님들, FF스탭님들이 에프에프를 빛내주신 덕분에 홍대 앞 메인 상권에서 20년을 버틸 수 있었습니다.
특히 제가 하고자 하는 것을 옆에서 묵묵히 열심히 응원해 주시고 힘들 때마다 물심양면으로 도와 주신 전 클럽 FF 대표님 이 시자 건물주이신 루이스 대표님께 이 자리를 빌려서 진심으로 큰 감사를 드리고 싶습니다.~
언젠가는 FF 가 없어지더라도 홍대 앞 인디씬 문화를 좋아했던 사람들에게 한켠에 좋은 추억으로 자리 잡길 간절히 바래봅니다…
클럽 FF 20주년 파티! 많이들 축하하러 오실 거죠? ^^
클럽FF 대표 에디황 올림 -
<hr>
CLUB FF 20th Anniversary !!!!
8/29,30,31,9/1 (4일간, 목금토일)
8/29 (Thu) 7pm
크라잉넛 @CRYING.NUT
구남과여라이딩스텔라 @GOONAM_OFFICIAL
스트레이터스 (with 태선리) @STRAIGHTERS_OFFICIAL @_TAESUN.LEE
이날치 @LEENALCHI
킹스턴루디스카 @KINGSTONRUDIESKA
8/30 (Fri) 5:30pm
로맨틱펀치 @RP_OFFICIAL1
9001 @9001.OFFICIAL
더 베인 @THEVANE_OFFICIAL
맥거핀 @MGFF_OFFICIAL
악퉁 @ACHTUNG_CHEWSUP
오프더메뉴 @OTMSOUND
적란운 @ZEOKRANUN_OFFICIAL
8/31 (Sat) 5pm
갤럭시익스프레스 @GALAXY_EXPRESS_OFFICIAL
극동아시아타이거즈 @FAR_EAST_ASIAN_TIGERS
내귀에 도청장치 @WIRETAP_OFFICIAL_INSTA
레드씨 @REDCOFFICIAL
아디오스오디오 @ADIOS_AUDIO_OFFICIAL
워킹애프터유 @WALKINGAFTERU
해리빅버튼 @HARRYBIGBUTTON
화노 @HWA_NHO
9/1 (Sun) 4pm
서울전자음악단 @SEOUL_ELECTRIC_BAND
달담 @BAND_DALDAM
무드 @BAND_MOOD_OFFICIAL_
불고기디스코 @BULGOGIDISCO
차세대 @NEWTAPE6
크리스피 @THECREESPY
프랭클리 @BAND_FRANKLY_BAND
Cover : 40000 won (Only Door, 미성년자 입장불가)
공연시작 시작 1시간 전에 오픈 합니다.
공연순서 및 타임테이블은 8/23 금요일에 공개합니다.
.티켓팅은 예매 없이 클럽 도어에서 현매로만 진행됩니다.
.도어 오픈 은 공연 시작 1시간 전이며 상황에 따라 달라질 수 있습니다.
.입장은 도어 오픈 기점으로 현장 계시는 분 순차 입장입니다. (가방 등 본인 외 줄은 인정되지 않으며 가방 분실 시 책임져드리기 어렵습니다.)
. 불쾌한 신체 접촉 발생 시 즉시 퇴장이며 입장 제재 및 법적 조치 취해질 수 있습니다. 건강 한 클럽 문화를 위해 협조 부탁드립니다.
.분실물 발생 시 영업시간 내에 직접 찾으러 와주시면 감사하겠습니다. 분실물 관련 DM 답장 어려우며 라커 미이용 분실물에 대해 책임져드리기 어렵습니다.
.본 공연은 미성년자 관람이 어렵습니다.
.상황에 따라 입장 제한이 있을 수 있으니 관람에 참고 부탁드립니다.
#CLUBFF #클럽FF #에프에프 #엪엪 #FF20주년 #홍대클럽 #HONGDAE
#인디밴드#클공 #밴드공연 #인디락 #ROCKCLUB #ANNIVERSARY"
Summer Flow : MASUMOTO KOTA / Paper River / 이사흘,오방가르드,2024-08-25,"이사흘, 페이퍼 리버, Masumoto Kota",images_real2\SummerFlowMASUMOTOKOTAPaperRiverisaheul_2024-08-25.jpg,"Summer Flow : MASUMOTO KOTA / Paper River / 이사흘
2024. 08. 25 일 Sun @OVANTGARDE
(부산시 남구 용소로 7번길 15-1, B1)
입장 Door Open 5pm / 시작 Start 6pm
본 공연은 50석 한정 착석제로 운영됩니다.
여름의 나날들은
초록의 색을 더욱 짙게 만들고
바다의 푸르름을 돋보이게 합니다.
8월의 여름 어느 날,
세 뮤지션이 들려줄 음악의 선율로
우리는 새로운 시간을 맞이할 것입니다.
[라인업Line Up]
거친 듯 하면서도 나지막히 스며드는 목소리로
다양한 감성을 유연하게 오가는 음악을 들려주는
싱어송라이터 마쓰모토 코타 @MASUMOTOKOTA
고전적이고 현대적인 정서를 담아
부드럽고 풍성한 사운드를 연주하는
어쿠스틱 사운드 밴드 페이퍼리버 @PAPERRIVER.BAND
흘러가는 생을 노래하는 인디 포크 싱어송라이터
이사흘 @YISAHEUL"
THIS FFFIRE,Club FF,2024-08-24,"티치, 급한노새, 에디앤더브릭스",images_real2\THISFFFIRE_2024-08-24.jpg,".
THIS FFFIRE@FF
2024/08/24(SAT) 9:10PM
Live Bands:
9:10pm #급한노새 @ROSAI.IN.HURRY
9:50pm #에디앤더브릭스 @EDDIE_AND_THE_BRICKS
10:30pm #티치 @BANDTIECH_OFFICIAL
<IndieRock/AlternativeRock/GarageRock>
Cover : 30,000 won (Only Door)
.티켓팅은 예매 없이 클럽 도어에서 현매로만 진행됩니다.
.도어 오픈 은 공연 시작 30분 전이며 상황에 따라 달라질 수 있습니다.
.입장은 도어 오픈 기점으로 현장 계시는 분 순차 입장입니다. (가방 등 본인 외 줄은 인정되지 않으며 가방 분실 시 책임져드리기 어렵습니다.)
. 불쾌한 신체 접촉 발생 시 즉시 퇴장이며 입장 제재 및 법적 조치 취해질 수 있습니다. 건강 한 클럽 문화를 위해 협조 부탁드립니다.
.분실물 발생 시 영업시간 내에 직접 찾으러 와주시면 감사하겠습니다. 분실물 관련 DM 답장 어려우며 라커 미이용 분실물에 대해 책임져드리기 어렵습니다.
#홍대클럽#엪엪#CLUBFF#클럽FF#라이브클럽#락클럽#홍대인디밴드#LIVECLUB#ROCKBAND#인디밴드#INDIECLUB#ROCKDJ#밴드공연#인디공연#홍대인디#홍대공연#홍대맛집#홍대데이트코스#음악맛집#클럽공연#케이락"
2024년 8월 성우레더스테이지 공연,미정,2024-08-24,"셰이디, 원오프, 더 픽처스",images_real2\2024nyeon8wolseonguledeoseuteijigongyeon_2024-08-24.jpg,"8월 24일 오후 7시! 성수역에서 만나요😋
@SUNGWOOLEATHERSTAGE 💼👞
📍성동구 연무장길 45-1, 2층
라인업
더 픽쳐스
원오프
셰이디"
2024년 8월 클럽빵 공연,Club 빵,2024-08-24,"삵, 리뎀션즈, 낫마이베이스, 정규형",images_real2\2024nyeon8wolkeulleobppanggongyeon_2024-08-24.jpg,여름이 더워 짜증나지만 간다니까 여름을 잘 즐기지 못한게 아쉬움~ #시안 #퀜치 #미지니 #천우현 #살포시 #영영 #나중에 #시린지 #일요일은형용사 #난파란 #더티슈 #적바림 #릴리잇머신 #정규형 #낫마이베이스 #리뎀션즈 #삵 #더보울스 #로다운30 #오마르와동방전력 #클럽빵 #CLUBBBANG #라이브클럽데이 #INDIE #KINDIE
크리스 제임스 (Chris James) 내한공연 Dopamine Overload Asia Tour 2024,무신사개러지,2024-08-24,크리스 제임스,images_real2\keuliseujeimseuChrisJamesnaehangongyeonDopamineOverloadAsiaTour2024_2024-08-24.jpg,"크리스 제임스 (Chris James) 내한공연
Dopamine Overload Asia Tour 2024
⁠
▶ 일시: 2024년 8월 24일 (토) 오후 7시⁠
▶ 장소: 무신사 개러지
▶ 관람등급: 만 12세 관람가⁠
▶ 티켓 가격: VIP 패키지 155,000원 / 스탠딩 전석 88,000원
본 공연은 회차 당 1인 4매까지 구매 가능합니다.⁠⁠
▶ VIP 패키지: M&G 패키지 (한정수량)
스탠딩 티켓 1매
공연 전 M&G 및 1대1 사진 촬영
얼리엔트리 혜택 (우선 입장)
머천다이즈 판매 시 우선 구매
VIP 한정 라미네이트
VIP 패키지는 본 공연 시작에 앞서 진행되며 정확한 시간은 추후 공지 됩니다.
VIP 패키지 예매 시 선택하신 입장번호 순서대로 입장 예정입니다.⁠
아티스트 요청에 의해 VIP 패키지 시작 시간 및 운영 시간은 변동될 수 있습니다.⁠
⁠
▶ 아티스트 선예매: 2024년 4월 23일 (화) 낮 12시 ~⁠ 4월 23일 (화) 오후 2시 59분
▶ 일반 예매: 2024년 4월 25일 (목) 낮 12시 ~⁠
*아티스트 선예매는 아티스트 주관으로 진행되며, 관련 정보는 아티스트 공식 홈페이지, 소셜 미디어, 팬 커뮤니티 등을 확인해 주시기 바랍니다.⁠
▶ 예매처: 인터파크⁠ 티켓 (1544-1555)
▶ 주최/주관: ㈜라이브네이션코리아"
우리들의 글러먹지 않은 페스티벌,미정,2024-08-24,"병아리블루, 올드잉글리쉬쉽독, 클릿츠, 얼, 배원리, 리니어, 제인과 산호초, 이디어츠, 노쉘터, 엔드디즈데이즈, 플라스틱키즈, 이호테우",images_real2\ulideuluigeulleomeogjianheunpeseutibeol_2024-08-24.jpg,"2024.08.24 토요일
’우리들의 글러먹지 않은 페스티벌‘ 우글페!!
언더그라운드 뮤지션이 우글우글! 관객들은 데굴데굴!
모두의 뜨거운 열기에 땀이 송글송글! 모두함께 싱글벙글!
각자 자신의 자리에서 열심히 활동중인 다양한 장르의 뮤지션들을 신촌의 두 베뉴에서 페스티벌처럼 즐겨보세요!
병아리블루 bluechick @BLUECHICK_0
제인과 산호초 Jane Coral @JANE_CORAL.OFFICIAL
올드 잉글리쉬 쉽독 OLD ENGLISH SHEEPDOG @BAND_OLD_ENGLISH_SHEEP_DOG
이디어츠 idiots @IDIOTS.BAND
클릿츠 C.LiTZ @ CLiTZ_Official(Twitter)
노쉘터 No Shelter @NOSHELTER_SEOULHC
얼 AWL @AWL_HC
엔드 디즈 데이즈 End These Days @ENDTHESEDAYS
배원리 baewonlee @BAEWONLEEE
플라스틱키즈 plastickiz @PLASTICKIZ
리니어 re:nier @RENIER.OFFICIAL
이호테우 IHOTEU @ IHOTEU(Twitter)
인피니티 클럽 @1NFNTCLB
서울 서대문구 연세로7안길 34-3 지하
베이비돌 @BABYDOLL_SEOUL
서울 서대문구 연세로7안길 26 지하
인피니티 클럽 15:30 오픈 / 16:00 시작
베이비돌 15:30 오픈 / 16:30 시작
티켓 20,000원 (미성년자 10,000원) (현매만 진행)
입장 시 1드링크 구매 필수
flyer by @REALEMOGS25HARDCORE
supported by @ANOTHER_STRIVE @LOUDCARNIVAL_OFFICIAL"
불타는버스 -몬스터펍-,몬스터펍,2024-08-23,불타는버스,images_real2\bultaneunbeoseumonseuteopeob_2024-08-23.jpg,"홍대 몬스터 치즈 떡볶에(몬스터펍)
8월 23일 오후 9시 불타는 버스 공연
서울 마포구 와우산로29길 59 103
홍대입구역 7번출구에서 맞은편 세븐일레븐 왼쪽 작은골목으로나오면 바로 보입니다 도보5분 정도 . 칼디커피앞"
OUR NATION,Bender,2024-08-23,"노브레인, 크라잉넛, 검엑스",images_real2\OURNATION_2024-08-23.jpg,"BENDER PRESENTS
⠀
【OUR NATION】
2024.8.23(FRI)8PM
BENDER (EX.DRUG)
⠀
Back to the 90’s!
Are You F‘N Ready?
⠀
Acts:
⠀
CRYING NUT
NO BRAIN
GUMX
⠀
8월2일(금)정오! INTERPARK TICKET을 통해
예매가 시작됩니다. 많은 성원 부탁드립니다!!
⠀
공연명: OUR NATION
일시:2024.8.23(FRI)8PM
(•티켓 교환 및 현매 19:00/ 입장19:30)
장소:홍대 bender @BENDER_HONGDAE
🎫INTERPARK TICKET (8.2(금)정오 오픈)
예매:44,000원 현매:50,000원
인터파크 티켓 소진시 현매는 진행되지 않으니
예매를 절대 놓치지 마세요!
——————————————————————⠀
BENDER PRESENTS
⠀
「OUR NATION」
2024.8.23(FRI)8PM
ホンデBENDER (EX.DRUG)
⠀
Acts:
⠀
GUMX
NO BRAIN
CRYING NUT
⠀
▫️ 2024.8.23(FRI)8PM
•チケット交換19:00 /会場OPEN 19:30
•会場: ホンデ BENDER
•🎫TICKET INTERPARK /₩44,000won
(8.2(FRI)12:00発売開始)
こちらのGlobalページをご利用頂ければ、日本国内からでもチケット予約が可能です。
http://ticket.interpark.com/Global
⠀
@CRYING.NUT
@OFFICIALNOBRAIN
@GUMX_OFFICIAL
⠀
#OURNATION #노브레인 #크라잉넛 #GUMX #검엑스 #CRYINGNUT #NOBRAIN #홍대벤더 #벤더 #BENDER #구드럭 #DRUG"
라플 라이브 06 파블로 지글러,미정,2024-08-23,"파블로 지글러, 임주찬, 박윤우, 송남현, 여현우, 마누 콩테",images_real2\lapeullaibeu06pabeullojigeulleo_2024-08-23.jpg,"8월 23일 금요일
푸르지오 아트홀에서 열정 가득한 라이브 재즈 공연이 열립니다🔥
무더운 여름,여섯 번째 라이브 공연에
한여름만큼 뜨거운 탱고가 더해졌다?!
탱고의 리듬에 재즈와 클래식을 접목한
누에보 탱고를 대표하는 피아니스트
파블로 지글러와 5명의 뮤지션이 선보이는
뜨거운 열정 가득한 라이브 공연 with 탱고
많.관.부! ❤"
🎸MARCIN ACOUSTIC DRAGON TOUR 2024 LIVE IN SEOUL,무신사개러지,2024-08-23,marcin,images_real2\MARCINACOUSTICDRAGONTOUR2024LIVEINSEOUL_2024-08-23.jpg,"마르친 첫 내한공연
🎸MARCIN ACOUSTIC DRAGON TOUR 2024 LIVE IN SEOUL
폴란드의 떠오르는 천재기타리스트 겸 작곡가 마르친의 세계투어 한국공연이자 첫 내한공연에 여러분들을 초대합니다!
일시 : 2024년 8월 23일 (금) 오후 7시30분
장소 : 무신사 개러지
출연 : 마르친 With Special Guests
티켓 오픈 : 2024년 5월 21일 (화) 낮 12시~
티켓 가격 : 전석 스탠딩 80,000원
예매처：인터파크 티켓(1544-1555)
예매링크：https://tickets.interpark.com/goods/24007075
@MARCIN.MUSIC @HATHOR.AIM"
2024년 8월 클럽빵 공연,Club 빵,2024-08-23,"적바림, 난파란, 릴리잇머신, 더티슈",images_real2\2024nyeon8wolkeulleobppanggongyeon_2024-08-23.jpg,떠오르는별들~ #적바림 #난파란 #더티슈 #릴리잇머신 #클럽빵 #CLUBBBANG #INDIE #KINDIE
BLACKOUT,Club FF,2024-08-23,"Red C, 채무자들, 아워에이지, 아토, 아사달",images_real2\BLACKOUT_2024-08-23.jpg,".
BLACKOUT @FF
2024/08/23(FRI) 7pm
Live Bands:
7:00pm #아워에이지 @LIVEINOURAGE
7:45pm #아사달 @ASADAL_OFFICIAL
8:30pm #아토 @ATO.OFFICIALLYMISSINGYOU
9:15pm #레드씨 @REDCOFFICIAL
10:05pm #채무자들 @DDEBTORSS
<AlternativeRock/ModernRock/IndieRock/Shoegazing>
Cover : 30,000 won (Only Door)
.티켓팅은 예매 없이 클럽 도어에서 현매로만 진행됩니다.
.도어 오픈 은 공연 시작 30분 전이며 상황에 따라 달라질 수 있습니다.
.입장은 도어 오픈 기점으로 현장 계시는 분 순차 입장입니다. (가방 등 본인 외 줄은 인정되지 않으며 가방 분실 시 책임져드리기 어렵습니다.)
. 불쾌한 신체 접촉 발생 시 즉시 퇴장이며 입장 제재 및 법적 조치 취해질 수 있습니다. 건강 한 클럽 문화를 위해 협조 부탁드립니다.
.분실물 발생 시 영업시간 내에 직접 찾으러 와주시면 감사하겠습니다. 분실물 관련 DM 답장 어려우며 라커 미이용 분실물에 대해 책임져드리기 어렵습니다.
#홍대클럽#엪엪#CLUBFF#클럽FF#라이브클럽#락클럽#홍대인디밴드#LIVECLUB#ROCKBAND#인디밴드#INDIECLUB#ROCKDJ#밴드공연#인디공연#홍대인디#홍대공연#홍대맛집#홍대데이트코스#음악맛집#클럽공연#케이락"
Mina Okabe LIVE IN SEOUL,무신사개러지,2024-08-22,Mina Okabe,images_real2\MinaOkabeLIVEINSEOUL_2024-08-22.jpg,"미나 오카베 내한공연
<Mina Okabe LIVE IN SEOUL>
Every second every day🌼
봄을 닮은 산뜻한 음색의
싱어송라이터 미나 오카베(Mina Okabe)💛
8월 22일(목), 첫 단독 내한공연 확정!
▶공연일시 : 2024년 8월 22일(목) 오후 8시
▶공연장소 : 무신사 개러지
▶티켓가격 : 스탠딩석 99,000원
▶티켓오픈 : 2024년 5월 23일 (목) 낮 12시
▶예매처 : 인터파크 티켓(ticket.interpark.com),
멜론티켓(ticket.melon.com)
<Mina Okabe LIVE IN SEOUL>
▶Date : Aug 22 (THU), 2024 at 8pm
▶Venue : MUSINSA GARAGE
▶Ticket Price : Standing 99,000
▶On-sale : May 23 (Thu), 2024 at 12pm
▶Ticket : INTERPARK TICKET(ticket.interpark.com),
MELON TICKET(ticket.melon.com)"
2024년 8월 클럽빵 공연,Club 빵,2024-08-22,"영영, 시린지, 나중에, 일요일은 형용사",images_real2\2024nyeon8wolkeulleobppanggongyeon_2024-08-22.jpg,뭔가 다른 경험을 만들~ #영영 #시린지 #나중에 #일요일은형용사 #클럽빵 #CLUBBBANG #INDIE #KINDIE
2024년 8월 클럽빵 공연,Club 빵,2024-08-21,"미지니, 살포시, 퀜치, 시안, 천우현",images_real2\2024nyeon8wolkeulleobppanggongyeon_2024-08-21.jpg,여름이 더워 짜증나지만 간다니까 여름을 잘 즐기지 못한게 아쉬움~ #시안 #퀜치 #미지니 #천우현 #살포시 #영영 #나중에 #시린지 #일요일은형용사 #난파란 #더티슈 #적바림 #릴리잇머신 #정규형 #낫마이베이스 #리뎀션즈 #삵 #더보울스 #로다운30 #오마르와동방전력 #클럽빵 #CLUBBBANG #라이브클럽데이 #INDIE #KINDIE
LaLaLaON WEEK 2,A.O.R,2024-08-19,"청요일, 구만, 이글루베이",images_real2\LaLaLaONWEEK2_2024-08-19.jpg,"#라라라온 #LALALAON
𝑳𝒂𝑳𝒂𝑳𝒂𝑶𝑵 𝑾𝑬𝑬𝑲 𝟐
8/19(월) 20시 클럽 A.O.R @CLUBAOR
📍서울 마포구 와우산로 156 (서교동) 지하
🎙️𝗟𝗜𝗡𝗘 𝗨𝗣
구만(9.10000) @9.10000OFFICIAL
이글루베이 @IGLOOBAY_OFFICIAL
청요일 @CHUNGYOILE
🎟𝗧𝗜𝗖𝗞𝗘𝗧
가격 : 22,000원
예매처 : 모켓샵
예매 가능 수량 : 회차당 1인 1매
티켓 오픈 : 8월 5일(월) 오후 2시
─────────────────
𝑳𝒂𝑳𝒂𝑳𝒂𝑶𝑵 : 다양한 음악, 함께하는 순간
𝟐𝟎𝟐𝟒.𝟎𝟖.𝟏𝟐. - 𝟏𝟎.𝟏𝟓.
@전국 소규모 공연장
─────────────────
@FESTIVAL_LALALAON
#라라라온 #2024라라라온 #라라라온페스티벌 #LALALAON
Reposted from @FESTIVAL_LALALAON"
< 오아시스 OASIS >,생기스튜디오,2024-08-18,"벤치위레오, 적란운, 양치기소년단",images_real2\oasiseuOASIS_2024-08-18.jpg,"SENGGI STUDIO X PINOCHIO CULTURE 기획공연
< 오아시스 OASIS >
메마른 도시, 타는 갈증
드디어 발견한 오아시스
목을 축이자, 음악을 틀자
우리만의 낙원에서🏜️
—————————————————————
< 오아시스 OASIS >
공연일시 : 2024년 8월 18일 일요일 오후 7시
공연장소 : 생기스튜디오
티켓가 : 예매 33,000원 현매 35,000원
예매처 : @PINOCHIO_CULTURE 구글폼 (프로필 링크)
예매일시 : 2024년 7월 26일 금요일 오후 8시
문의 : @PINOCHIO_CULTURE DM"
2024년 8월 클럽빵 공연,Club 빵,2024-08-18,"박연두, 펠트, 봉우리, 문13",images_real2\2024nyeon8wolkeulleobppanggongyeon_2024-08-18.jpg,"일요일 공연은 #펠트 #문13 #봉우리 #박연두 모두 여성싱어송라이터, 펠트는 듀오 #클럽빵 #CLUBBBANG #INDIE #KINDIE"
Let Your Dreams Soar,Club Victim,2024-08-18,"강거루, 로우 브라더스, 세로, 샐리에브리웨어, 나타샤",images_real2\LetYourDreamsSoar_2024-08-18.jpg,"2024.08.18 SUN 6 PM @CLUB_VICTIM
Let Your Dreams Soar
** 라인업 변경으로 재 공지 드립니다.
18:00 #나타샤 #NATASHA @BANDNATASHA_
18:40 #세로 #SERO @GROUPSOUND_SERO
19:20 #로우브라더스 #ROW_BROTHERS @ROW_BROTHERS_OFFICIAL
20:00 #샐리에브리웨어 @SALLY_EVERYWHERE_
20:40 #강거루 #KANGAROO @KANGARO__O
공연장 오픈은 오후 5시 30분부터~
외부 음식물 및 음료 반입금지
예매: 25,000원 / 현매: 30,000원
예매계좌: 국민 822402-04-034113 김은주
예매기간: 2024.08.17 (토) 23:59 까지
예매확인: 입금 후 카카오톡 채널 > unis_ent 로 [공연일자, 입금자명, 인원수] 전달
UNIS Ent. x Club VICTIM -
@UNIS_ENTERTAINMENT @CLUB_VICTIM
#빅팀 #클럽빅팀 #유니스 #홍대핫플 #인디밴드라이브 #인디밴드 #밴드공연 #홍대라이브 #밴드라이브"
KINGSLAYER,Club FF,2024-08-18,"도그 라스트 페이지, 두억시니, 뱀파이어 호텔, 모노폴리, 팬텀루나틱스",images_real2\KINGSLAYER_2024-08-18.jpg,".
KINGSLAYER @FF
2024/08/18 (SUN) 5:20pm
Live Bands:
5:20pm #뱀파이어호텔 @VAMPIREHOTEL_OFFICIAL
6:05pm #도그라스트페이지 @BAND_DOGLASTPAGE
6:50pm #팬텀루나틱스 @PHANTOMLUNATICS_OFFICIAL
7:35pm #두억시니 @DUOXINI_OFFICIAL
8:20pm #모노폴리 @MONO4OLY
<Alternative/IndieRock/MetalCore/HardRock>
Cover : 30,000 won (Only Door)
.티켓팅은 예매 없이 클럽 도어에서 현매로만 진행됩니다.
.도어 오픈 은 공연 시작 30분 전이며 상황에 따라 달라질 수 있습니다.
.입장은 도어 오픈 기점으로 현장 계시는 분 순차 입장입니다. (가방 등 본인 외 줄은 인정되지 않으며 가방 분실 시 책임져드리기 어렵습니다.)
. 불쾌한 신체 접촉 발생 시 즉시 퇴장이며 입장 제재 및 법적 조치 취해질 수 있습니다. 건강 한 클럽 문화를 위해 협조 부탁드립니다.
.분실물 발생 시 영업시간 내에 직접 찾으러 와주시면 감사하겠습니다. 분실물 관련 DM 답장 어려우며 라커 미이용 분실물에 대해 책임져드리기 어렵습니다.
#홍대클럽#엪엪#CLUBFF#클럽FF#라이브클럽#락클럽#홍대인디밴드#LIVECLUB#ROCKBAND#인디밴드#INDIECLUB#ROCKDJ#밴드공연#인디공연#홍대인디#홍대공연#홍대맛집#홍대데이트코스#음악맛집#클럽공연#케이락"
Whiskey In The Jar,Club FF,2024-08-17,"삵, 팝엔츠, 요정, The Scarlet Pillows",images_real2\WhiskeyInTheJar_2024-08-17.jpg,".
Whiskey In The Jar @FF
2024/08/17(SAT) 8:15 PM
Live Bands:
8:15pm #삵 @BANDSARK
8:55pm #요정 @YOJUNGOFFICIAL
9:40pm #팝엔츠 @POP_ENTS
10:25pm #THESCARLETPILLOWS @THESCARLETPILLOWS
<IndieRock/AlternativeRock/GarageRock/GaragePunk>
Cover : 20,000 won (Only Door)
.티켓팅은 예매 없이 클럽 도어에서 현매로만 진행됩니다.
.도어 오픈 은 공연 시작 30분 전이며 상황에 따라 달라질 수 있습니다.
.입장은 도어 오픈 기점으로 현장 계시는 분 순차 입장입니다. (가방 등 본인 외 줄은 인정되지 않으며 가방 분실 시 책임져드리기 어렵습니다.)
. 불쾌한 신체 접촉 발생 시 즉시 퇴장이며 입장 제재 및 법적 조치 취해질 수 있습니다. 건강 한 클럽 문화를 위해 협조 부탁드립니다.
.분실물 발생 시 영업시간 내에 직접 찾으러 와주시면 감사하겠습니다. 분실물 관련 DM 답장 어려우며 라커 미이용 분실물에 대해 책임져드리기 어렵습니다.
#홍대클럽#엪엪#CLUBFF#클럽FF#라이브클럽#락클럽#홍대인디밴드#LIVECLUB#ROCKBAND#인디밴드#INDIECLUB#ROCKDJ#밴드공연#인디공연#홍대인디#홍대공연#홍대맛집#홍대데이트코스#음악맛집#클럽공연#케이락"
8월 17일 토요일 클럽레제 공연,레드제플린,2024-08-17,"에픽소드, 시나몬잼, 저스트",images_real2\8wol17iltoyoilkeulleoblejegongyeon_2024-08-17.jpg,정보를 추가해 주세요
2024년 8월 퍼플홀 공연,퍼플홀,2024-08-17,"셰이디, 제인과 산호초, ULTRA BIRD, GHOSTRICK",images_real2\2024nyeon8wolpeopeulholgongyeon_2024-08-17.jpg,"| Ultra Bird |
Alternative Rock
| 제인과 산호초 |
Dream Pop(Shoegazing)
| Shady |
록 음악이란 탈을 쓴 오컬트
| Ghostrick |
비쥬얼계 뉴메탈&메탈코어 밴드 Ghostrick"
2024년 8월 성우레더스테이지 공연,성우레더스테이지,2024-08-17,"플라메라, 렛 어스 소어, 파이브피엠 어반",images_real2\2024nyeon8wolseonguledeoseuteijigongyeon_2024-08-17.jpg,"24년 8월 17일 일요일 19시~
6시 40분 입장
@BAND_LET.US.SOAR
@5PMURBAN
@PLAMERA_OFFICIAL
#성우레더스테이지 #성수동공연 #성수동카페거리 #성수동라이브공연 #성수동라이브클럽"
2024년 8월 클럽빵 공연,Club 빵,2024-08-17,"윾, 뽕짝마니아, 조이풀스, 달과 밤 그리고 별들",images_real2\2024nyeon8wolkeulleobppanggongyeon_2024-08-17.jpg,토요일 공연은 #뽕짝마니아 #달과밤그리고별들 #조이풀스 #윾 뽕짝마니아는 곧 출국이라 마지막 공연~ #클럽빵 #CLUBBBANG #INDIE #KINDIE
CHERRY WORLD [노란 머리 체리],무신사개러지,2024-08-17,체리보이17,images_real2\CHERRYWORLD_2024-08-17.jpg,"CHERRY WORLD [노란 머리 체리]
📚줄거리
옛날 옛적 노란 머리의 체리보이라는 래퍼가 살았습니다.
그는 절실한 마음으로 300석의 첫 번째 단독 콘서트를 열었는데
놀랍게도 매진이 되었어요!
그렇게 두 번째, 세 번째 콘서트도 매진을 이어가더니
마침내 500석!의 네 번째 콘서트를 열게 되었어요!!
이번 콘서트에서는 정말 정말 ”특별한 게스트들“이 함께 하고!
“새로운 굿즈를 할인된 가격“으로 한정판매 한다고 해요!
더욱 다양해진 이벤트와 많은 볼거리들이 준비되어 있다고 하는데, 이번에도 꼭! 놓치지 마세요!
매진되면 후회하실걸요 ~?
🎤등장인물
CHERRY BOY 17
????
?????
????
AND.....?
🎧DJ
@0SS_WA_GG2
🎟 티켓 가격 : 35,000₩
*전석 스탠딩석으로,
예매 시 선택하신 입장 번호 순으로 입장 합니다.
*인터파크 티켓, 위메프 공연티켓에 동시 오픈되며,
각 예매처의 동일한 입장번호끼리 두줄로 입장합니다.
💡관람 방법
7월 22일 20시 [인터파크 및 위메프] 에서 티켓예매
📍관람 일시 및 위치
2024년 8월 17일 토요일 6PM
@MUSINSAGARAGE [서울 마포구 잔다리로 32 서문빌딩 B1]
⚠️ 본 동화는 연령제한이 없습니다.
⚠️ 훨씬 넓어진 공연장과 재밌는 볼거리들을 착한 가격으로
즐길 수 있는 유일한 기회를 놓치셔도 책임지지 않습니다.
poster designed by artique @EUQITRA
주최/주관/기획 : @CHERRYBOY.17_ @8._.MIN @PHOOEY.KR
*기타 문의 @8._.MIN @CHERRYBOY.17_BUSINESS"
World Wide Fam vol.2,Club Victim,2024-08-17,"이디어츠, 스모킹구스, 펑크온파이어, 더사운드, 투파이브, 일팔피버스, 싱크투라이즈, 로우 브라더스, SpecialThanks, Acid Snot",images_real2\WorldWideFamvol2_2024-08-17.jpg,"Wolrd Wide Fam Vol.2
‘SpecialThanks’ , ‘ Acid Snot’ 의 첫 내한 공연
2024년 가을 정규 5집을 앞두고 ’SpecialThanks‘가 한국 첫 내한 공연을 가집니다.
또 그에 맞춰 스페인 멜로딕펑크밴드 ‘Acid Snot’의 아시아투어의 일환으로 World Wide Fam vol.2 와 함께합니다.
Row Brothers
Twofive
Sink To Rise
Punk On Fire
The Sound
Smoking Goose
18Fevers
Idiots
Acid Snot (Spain)
SpecialThanks (Japan)
Open 16:30
Start 16:45
Club Victim
예매 55,000Krw
현매 60,000Krw
예매처 네이버 스마트스토어 “빅팀샵”"
This Love,Club FF,2024-08-16,"칠보장, 허니페퍼, 크랙베리",images_real2\ThisLove_2024-08-16.jpg,".
This Love@FF
2024/08/16 (FRI) 9:10pm
Live Bands:
9:10pm #칠보장 @CHILL_BOJANG_OFFICIAL
9:50pm #크랙베리 @BANDCRACKBERRY
10:30pm #허니페퍼 @HONEYPEPPER_OFFICIAL
<HardRock/AlternativeRock/CoreMetal>
Cover : 30,000 won (Only Door)
.티켓팅은 예매 없이 클럽 도어에서 현매로만 진행됩니다.
.도어 오픈 은 공연 시작 30분 전이며 상황에 따라 달라질 수 있습니다.
.입장은 도어 오픈 기점으로 현장 계시는 분 순차 입장입니다. (가방 등 본인 외 줄은 인정되지 않으며 가방 분실 시 책임져드리기 어렵습니다.)
. 불쾌한 신체 접촉 발생 시 즉시 퇴장이며 입장 제재 및 법적 조치 취해질 수 있습니다. 건강 한 클럽 문화를 위해 협조 부탁드립니다.
.분실물 발생 시 영업시간 내에 직접 찾으러 와주시면 감사하겠습니다. 분실물 관련 DM 답장 어려우며 라커 미이용 분실물에 대해 책임져드리기 어렵습니다.
#홍대클럽#엪엪#CLUBFF#클럽FF#라이브클럽#락클럽#홍대인디밴드#LIVECLUB#ROCKBAND#인디밴드#INDIECLUB#ROCKDJ#밴드공연#인디공연#홍대인디#홍대공연#홍대맛집#홍대데이트코스#음악맛집#클럽공연#케이락"
막주금라이브 [Open Stage] ep.15,Cafe PPnF,2024-08-16,미정,images_real2\magjugeumlaibeuOpenStageep15_2024-08-16.jpg,"#막주금라이브
[O֑P֑E֑N֑ S֑T֑A֑G֑E֑]
⠀
2024년 8월 Line Up 공개😎
#성아지 @JIA_BLACK
#위시스 @WIISHES_OFFICIAL
#어텀 @MUSICIAN_AUTUMN
#조춘쿠키 @INTO_THE_COOKIE_JAR
⠀
📌 공연시간 : 8/16(금) 저녁 8시 시작🎵
⠀
📌 공연장소: cafe PPnF (서울시 종로구 성균관로 87)
⠀
📌입장료🎫
🍹1인 1음료 필수!
+
아티스트를 위한 ' #후불감동제 '가 진행됩니다.
공연을 보시고 감동 받은 만큼 입금 주시면
각 아티스트에게 💯% 전달될 예정입니다.
⠀
📌 주차장🚗
주차 공간이 혼잡 하오니, 대중교통을 이용해주시기 바랍니다. 😭 🚊💕
⠀
📌 문의: 02)3676-2353
⠀
⠀
막주금라이브 [O֑P֑E֑N֑ S֑T֑A֑G֑E֑]는 무대를 찾고 있는 새로운 아티스트의 후원을 위해 운영 되오니 여러분들의 많은 응원 부탁 드립니다🙇
⠀
본 공연은 온,오프라인 동시 진행됩니다.
[📺YouTube] '막주금라이브' 채널
#막주금라이브 [O֑P֑E֑N֑ S֑T֑A֑G֑E֑] 역시 (주)위드에이치씨(withHC), (주)더에이치컬쳐스 와 Cafe PPnF 가 함께 합니다.
⠀
Joy Together withHC -"
2024년 8월 클럽빵 공연,Club 빵,2024-08-16,"미미키스, 채무자들, 신타펑크, 하지",images_real2\2024nyeon8wolkeulleobppanggongyeon_2024-08-16.jpg,금요일 클럽빵 공연은 #미미키스 #신타펑크 #채무자들 #하지 #CLUBBBANG #INDIE #KINDIE
2024년 8월 퍼플홀 공연,퍼플홀,2024-08-16,"스톰, WHAT, METISSE, 펄스44",images_real2\2024nyeon8wolpeopeulholgongyeon_2024-08-16.jpg,"| Pulse44 |
Rage Against The Machine tribute band
| Strom |
Speed Metal
| Metisse |
Metal Core
| What! |
Hard Rock"
PUNK SMASH . 4th,부드러운직선,2024-08-16,"이디어츠, 투파이브, 갓오브유니버스, LIMBS, 베티애스, SpecialThanks, Acid Snot",images_real2\PUNKSMASH4th_2024-08-16.jpg,"PUNK SMASH . 4th
광주 대표 라이브클럽 부직 에서 만들어가는 펑크스매시
네번째 공연을 맞이하여 광주와 서울을 대표하는 밴드들과
일본 펑크씬을 주름잡고 있는 Special Thanks와
스페인을 주름잡는Acid Snot이 내한투어로 함께 참여합니다.
2024.08.16(금) 19:00
예매: 20000원
현매: 30000원
광주 부드러운직선 (Club Boojik)
(광주광역시 북구 호동로 22-1 지하)
예매방법: 네이버 스마트스토어 빅팀샵에서 상품구매후 공연당일 티켓부스에서 팔찌수령
https://m.smartstore.naver.com/victimshop
SpecialThanks(Japan)
@SPECIALTHANKS_7
Acid Snot(Spain)
@ACIDSNOTBCN
Idiots
@IDIOTS.BAND
God of Universe
@GODOFUNIVERSOFFICIAL
BettyAss
@BETTYASS_SK8
Limbs
@LIMBS_HOME
Twofive
@TWOFIVE_OFFICIAL"
2024년 8월 클럽빵 공연,Club 빵,2024-08-15,"피라, 세로, 미도, 심아일랜드, 폴리아모리",images_real2\2024nyeon8wolkeulleobppanggongyeon_2024-08-15.jpg,광복절 특별 공연~ #폴리아모리 #미도 #세로 #피라 #심아일랜드 오랜만에 피라를 만나는~ 제2의 광복을 향해~ #클럽빵 #CLUBBBANG #INDIE #KINDIE
"OVGD LIVE 🇰🇷 - 코끼리숨바꼭질, 시너가렛, 먼데이필링, 선셋온더브릿지",오방가르드,2024-08-15,"선셋 온 더 브릿지, 먼데이필링, 시너가렛, 코끼리숨바꼭질",images_real2\OVGDLIVEkokkilisumbakkogjilsineogalesmeondeipillingseonsesondeobeulisji_2024-08-15.jpg,"OVGD LIVE 오방가르드 라이브
[선셋온더브릿지 / 코끼리숨바꼭질 / 먼데이필링 / 시너가렛]
2024. 08. 15 목Thu @OVANTGARDE
(부산시 남구 용소로 7번길 15-1, B1)
입장 Door Open 6pm / 시작 Start 7pm
8월의 OVGD LIVE 🎸
서울의 세 밴드가 오방가르드를 찾습니다.
강렬함과 폭발적인 에너지로 무장한
선셋온더브릿지, 코끼리 숨바꼭질, 먼데이필링!
다양한 이야기가 담긴 음악을 누아르적 감성에 녹인
부산의 시너가렛이 함께 합니다.
[라인업Line Up]
감정을 연주로, 메세지를 노래하는 밴드
선셋온더브릿지 @SUNSETONTHEBRIDGE (Seoul)
스토리텔링적 가사와 특유의 바이브가 있는 하드록
그런지 밴드 먼데이필링
@MONDAYFEELINGOFFICIAL (Seoul)
힘찬 퍼포먼스와 묵직한 보컬, 댐핑감을 살린 연주
코끼리 숨바꼭질 @THE_HIDDEN_ELEPHANT_ (Seoul)
마음을 움직이는 에너지가 약동하는 음악을 표현하는
시너가렛 @SYNERGARETTE (Busan)"
예뻤어,Club FF,2024-08-15,"차차, 벤치위레오, 롱타임노쉿, 베이루트택시, 캔트비블루",images_real2\yeppeosseo_2024-08-15.jpg,".
예뻤어@FF
2024/08/15(THU) 6:30pm
Live Bands:
6:30pm #베이루트택시 @BRTX_BAND
7:10pm #차차 @CHACHA__THE_BEST
7:55pm #롱타임노쉿 @LONGTIMENOSHIT
8:40pm #캔트비블루 @CANT_BEBLUE
9:25pm #벤치위레오 @BENCHWELEO
<AlternativeRock/ModernRock/IndieRock/PopPunk>
Cover : 30,000 won (Only Door)
.티켓팅은 예매 없이 클럽 도어에서 현매로만 진행됩니다.
.도어 오픈 은 공연 시작 30분 전이며 상황에 따라 달라질 수 있습니다.
.입장은 도어 오픈 기점으로 현장 계시는 분 순차 입장입니다. (가방 등 본인 외 줄은 인정되지 않으며 가방 분실 시 책임져드리기 어렵습니다.)
. 불쾌한 신체 접촉 발생 시 즉시 퇴장이며 입장 제재 및 법적 조치 취해질 수 있습니다. 건강 한 클럽 문화를 위해 협조 부탁드립니다.
.분실물 발생 시 영업시간 내에 직접 찾으러 와주시면 감사하겠습니다. 분실물 관련 DM 답장 어려우며 라커 미이용 분실물에 대해 책임져드리기 어렵습니다.
#홍대클럽#엪엪#CLUBFF#클럽FF#라이브클럽#락클럽#홍대인디밴드#LIVECLUB#ROCKBAND#인디밴드#INDIECLUB#ROCKDJ#밴드공연#인디공연#홍대인디#홍대공연#홍대맛집#홍대데이트코스#음악맛집#클럽공연#케이락"
BRIGHTSIDE,Club GP,2024-08-15,"이디어츠, 스모킹구스, 노야, SpecialThanks, Acid Snot, Blue Wagon",images_real2\BRIGHTSIDE_2024-08-15.jpg,TBD
2024년 8월 클럽빵 공연,Club 빵,2024-08-14,"귀하, 유지은, 윤덕, MEN AND THEM",images_real2\2024nyeon8wolkeulleobppanggongyeon_2024-08-14.jpg,수요일~ 다른 때와 다른 느낌~ #윤덕 #귀하 #MENANDTHEM #유지은 #클럽빵 #CLUBBBANG #INDIE #KINDIE
2024년 8월 클럽빵 공연,Club 빵,2024-08-11,"민수홍, 덕, 청하나, 몽몽밴드",images_real2\2024nyeon8wolkeulleobppanggongyeon_2024-08-11.jpg,일요일은 차분하게~ #덕 #민수홍 #청하나 #몽몽 비몽사몽에서 몽몽으로 이름이 바뀐 팀을 비롯해서 싱어송라이터 셋~ #클럽빵 #CLUBBBANG #INDIE #KINDIE
「HEALING FOR MONDAY 」Vol.3,Bender,2024-08-11,"박윤식, 김지환(라이엇키즈), 신문수",images_real2\HEALINGFORMONDAYVol3_2024-08-11.jpg,"BENDER 어쿠스틱 공연 소식!
⠀
「HEALING FOR MONDAY 」Vol.3
2024.8.11(SUN)18:30
⠀
벤더에서 준비한 어쿠스틱 힐링 타임!
⠀
▶ 박윤식 (크라잉넛) @YOONSICK_PARK
▶ 김지환 (라이엇키즈) @GOFRIOTKIDZ
▶ 신문수 (신문수밴드) @MSBMSB2012
📣2024.8.11(일)
입장18:00/시작18:30
장소:홍대 벤더 @BENDER_HONGDAE
🎫예매:30,000원/ 현매35,000원
학생 할인:20,000원(학생증 지참必)
(예매 마감 :8.10(토)저녁10시)
⠀
[예매 방법]
▫️입금 후 아래 항목을 작성하여 메일 접수.⬇️
⠀
🔔제목: 8.11(공연일),이름, 예매 인원
1.이름 (입금주와 예매자 성함이 다를 경우 알려주세요)
2.핸드폰 번호
⠀
신한은행 110-460-307481 예금주: 정ㅎㅇ
접수 메일: oldrecords69@NAVER.COM
⠀
Please send us DM if you are not able to make cash deposit directly with your information such as name, mobile phone number.
⠀⠀
[⭐️주의 사항]
▫️예매 일괄 확인후 확정 메일드립니다.
▫️예매 순서와 상관없이 도착 순서대로 18:00부터 입장
▫️라이브가 끝나면 언제나 펍으로 운영
(미성년자는 공연이 끝나면 퇴장 부탁드립니다)
⠀
많은 성원 부탁드립니다!
⠀
#벤더 #BENDER #박윤식 #김지환 #신문수 #크라잉넛 #RIOTKIDZ #신문수밴드 #벤더어쿠스틱 #홍대벤더 #홍대공연"
Night Of Victim Vol.30,Club Victim,2024-08-11,"갓오브유니버스, 칵크래셔, 다이퍼스, KAKCID, 클라우드팩토리",images_real2\NightOfVictimVol30_2024-08-11.jpg,"Night Of Victim Vol.30
Dyed pearls
@BAND_DYEDPEARLS
God of universe
@GODOFUNIVERSEOFFICIAL
Cloud Factory
@BAND_CLOUD_FACTORY
Cockrasher
@COCKRASHER
KAKCID
@KAKCID__
2024.8.11(Sun)
Club VICTIM
OPEN 18:00
START 18:30
25,000KRW
i 현매만 가능(계좌이체, 카드가능)
ii 외부 음식 반입가능, 외부주류 반입금지
문의
clubxvictim@GMAIL.COM"
BAND DALDAM 부산 소극장 콘서트 <고향으로-!>,오방가르드,2024-08-11,달담,images_real2\BANDDALDAMbusansogeugjangkonseoteugohyangeulo_2024-08-11.jpg,"BAND DALDAM 부산 소극장 콘서트
<고향으로-!>
달담의 고향 부산으로! ✈️
——————————————————
✔️공연정보
공연일시 : 2024년 8월 11일 일요일 오후 5시
공연장소 : 오방가르드
러닝타임 : 100분
✔️타임테이블
티켓부스 오픈 : 4시
입장줄 안내 : 4시 20분
공연장 입장 : 4시 30분
문의 : @BLUE_IS_ROCK DM"
MY FRIENDS OVER YOU,Club FF,2024-08-10,"스모킹구스, 왓에버댓민즈, 라이엇키즈, 분리수거, 업스타",images_real2\MYFRIENDSOVERYOU_2024-08-10.jpg,".
MY FRIENDS OVER YOU@FF
2024/08/10 (SAT) 7:30PM
Live Bands:
7:30pm #왓에버댓민즈 @WTMPUNK
8:10pm #분리수거 @BAND.BLSG
8:50pm #업스타 @BAND_UPSTAR_OFFICIAL
9:30pm #라이엇키즈 @RIOTKIDZ_OFFICIAL
10:15pm #스모킹구스 @BAND.SMOKINGGOOSE
<Alternative/PunkRock/SkaitPunk/IndieRock>
Cover : 30,000 won (Only Door)
.티켓팅은 예매 없이 클럽 도어에서 현매로만 진행됩니다.
.도어 오픈 은 공연 시작 30분 전이며 상황에 따라 달라질 수 있습니다.
.입장은 도어 오픈 기점으로 현장 계시는 분 순차 입장입니다. (가방 등 본인 외 줄은 인정되지 않으며 가방 분실 시 책임져드리기 어렵습니다.)
. 불쾌한 신체 접촉 발생 시 즉시 퇴장이며 입장 제재 및 법적 조치 취해질 수 있습니다. 건강 한 클럽 문화를 위해 협조 부탁드립니다.
.분실물 발생 시 영업시간 내에 직접 찾으러 와주시면 감사하겠습니다. 분실물 관련 DM 답장 어려우며 라커 미이용 분실물에 대해 책임져드리기 어렵습니다.
#홍대클럽#엪엪#CLUBFF#클럽FF#라이브클럽#락클럽#홍대인디밴드#LIVECLUB#ROCKBAND#인디밴드#INDIECLUB#ROCKDJ#밴드공연#인디공연#홍대인디#홍대공연#홍대맛집#홍대데이트코스#음악맛집#클럽공연#케이락"
THE COSMIC VIBE,오방가르드,2024-08-10,"국빈관 진상들, 톰밴드, 하즈, 모노폴리",images_real2\THECOSMICVIBE_2024-08-10.jpg,"서울 대구 부산 창원 팀이 부산에 모여서
여러분의 토요일을 불태워 드리겠습니다🔥
THE COSMIC VIBE🪐
하즈 @HASEBAND_OFFICIAL
모노폴리 @MONO4OLY
국빈관진상들 @KBK_UGLYS
톰밴드 @TOMBAND_OFFICIAL
많은 관심 부탁드립니다🙌
날짜 2024. 08. 10 토Sat 7pm
장소 부산 오방가르드 @OVANTGARDE"
보랏빛 항해일지_제임스레코드,대구 제임스레코드,2024-08-10,"코튼스틱, 리뎀션즈, 신도시, 꼬메무스 누벵",images_real2\bolasbichhanghaeiljijeimseulekodeu_2024-08-10.jpg,"<보랏빛 항해 일지🛳>
2024년 여름, 역대급 장마와 폭염이 예상되는 격정의 시기.
이 무더위를 가장 낭만적인 방식으로 즐겨내기 위해 멋드러진 록밴드들이 한데 모였습니다.
이름하여🎆<보랏빛 항해 일지>🎆!!!!!!!
거제의 자랑,
새파란 젊음의 개러지락 꼬메무스 누벵 @COMEMOS_NUVEM
동날 줄 모르고 질주하는 청춘의 연료,
굉음의 캠핑카 리뎀션즈 @BAND_THE_REDEMPTIONS
미니멀한 사운드로 심장을 꾹 누르며 춤추게 만드는
드라이 팝 코튼스틱 @COTTONSTICK_OFFICIAL
게스트로는
핵폭탄같은 로컬 펑크밴드 신도시 @BAND_SINDOSI ,
사랑과 미움을 섬세히 해부하는 팝 밴드
에로틱웜즈익스히비션 @EROTICWORMSXXHIBITION 이 함께합니다.
2024년 여름을 오래토록 기억하게 만들어줄,
가장 낭만적이고 열정적일 이 공연에 여러분을 초대합니다!
*일시
8월 9일 금요일 - 오방가르드(부산) @OVANTGARDE
7시 입장 / 8시 시작
8월 10일 토요일 - 꼬뮨(대구) @COMMUNESLIVE
6시 30분 입장 / 7시 시작
*라인업
8/9(Fri) 꼬메무스누벵 EWE 코튼스틱 리뎀션즈
8/10(Sat) 꼬메무스누벵 신도시 코튼스틱 리뎀션즈
*티켓
하루권 : 예매 3만원 / 현매 3만 5천원
양일권 : 예매 5만원
302-0666-9888-71 농협 김범수
여름이란 것,
다양한 면모를 가지고 우리를 설레게 합니다.
때로는 장마가 상쾌하고, 때로는 폭염이 부드럽지요.
로컬 및 서울 밴드들의 예상할 수 없는 특별한 케미를,
오직 🎆<보랏빛 항해 일지>🎆에서만 확인하실 수 있습니다.
많은 사랑과 관심 그리고 록앤롤을 부탁드립니다.
신비로운 파도 안에서 함께 허우적댈 수 있다면!"
